Date(D-M-Y),Irradiance 28.4nm (W/m^2/nm)
19-Oct-2014,0.000878408622
20-Oct-2014,0.0008569830328
21-Oct-2014,0.0008777456727
22-Oct-2014,0.0009179953889
23-Oct-2014,0.0009692975551
24-Oct-2014,0.001037216109
25-Oct-2014,0.001097507193
26-Oct-2014,0.001114187908
27-Oct-2014,0.001013803229
28-Oct-2014,0.0008659571371
29-Oct-2014,0.0008308735717
30-Oct-2014,0.0007703146614
31-Oct-2014,0.0007248729546
01-Nov-2014,0.0006530290232
02-Nov-2014,0.0005919178869
03-Nov-2014,0.0005879183951
04-Nov-2014,0.0005942901456
05-Nov-2014,0.0005610238967
06-Nov-2014,0.0005831148361
07-Nov-2014,0.0005521611864
08-Nov-2014,0.0005971065555
09-Nov-2014,0.0006213999736
10-Nov-2014,0.0007897560959
11-Nov-2014,0.0008375784778
12-Nov-2014,0.0008760213171
13-Nov-2014,0.0009337200393
14-Nov-2014,0.0009262998751
15-Nov-2014,0.0009601594497
16-Nov-2014,0.0008958038433
17-Nov-2014,0.0008972916109
18-Nov-2014,0.0009386515962
19-Nov-2014,0.001002475197
20-Nov-2014,0.00105512189
21-Nov-2014,0.001103516408
22-Nov-2014,0.001086297839
23-Nov-2014,0.001052335525
24-Nov-2014,0.0009261685281
25-Nov-2014,0.0008326692088
26-Nov-2014,0.0007753915852
27-Nov-2014,0.0007419335295
28-Nov-2014,0.0006854306246
29-Nov-2014,0.000648970343
30-Nov-2014,0.0006962698129
01-Dec-2014,0.0007330041384
02-Dec-2014,0.0007267461098
03-Dec-2014,0.0006620317941
04-Dec-2014,0.0006394785136
05-Dec-2014,0.0006410569586
06-Dec-2014,0.0006545534897
07-Dec-2014,0.000747096299
08-Dec-2014,0.0008093785176
09-Dec-2014,0.0008224280499
10-Dec-2014,0.000897468516
11-Dec-2014,0.0009128037879
12-Dec-2014,0.0009675547472
13-Dec-2014,0.0009858883082
14-Dec-2014,0.0009600795526
15-Dec-2014,0.001084821888
16-Dec-2014,0.001224679038
17-Dec-2014,0.001251002169
18-Dec-2014,0.001237212629
19-Dec-2014,0.001210598627
20-Dec-2014,0.001199256569
21-Dec-2014,0.001085967841
22-Dec-2014,0.001028173623
23-Dec-2014,0.0009613507829
24-Dec-2014,0.0008871939945
25-Dec-2014,0.0007440834526
26-Dec-2014,0.0006736677449
27-Dec-2014,0.0006752200487
28-Dec-2014,0.0006704031652
29-Dec-2014,0.0006480687316
30-Dec-2014,0.0006019224091
31-Dec-2014,0.000595108912
01-Jan-2015,0.0006539125954
02-Jan-2015,0.0006609970086
03-Jan-2015,0.0007347147819
04-Jan-2015,0.0008238065219
05-Jan-2015,0.0009078183628
06-Jan-2015,0.001004543879
07-Jan-2015,0.001043950665
08-Jan-2015,0.001077167926
09-Jan-2015,0.001150345681
10-Jan-2015,0.001140713371
11-Jan-2015,0.001113694853
12-Jan-2015,0.001172203234
13-Jan-2015,0.00120255937
14-Jan-2015,0.001193610726
15-Jan-2015,0.001174157201
16-Jan-2015,0.001194301267
17-Jan-2015,0.001120139054
18-Jan-2015,0.001035660647
19-Jan-2015,0.0009723002896
20-Jan-2015,0.0008356447023
21-Jan-2015,0.0007622952449
22-Jan-2015,0.000707570666
23-Jan-2015,0.0006568700697
24-Jan-2015,0.0006931689342
25-Jan-2015,0.0006883611353
26-Jan-2015,0.0006681792301
27-Jan-2015,0.0006572489905
28-Jan-2015,0.0006572489905
29-Jan-2015,0.0006572489905
30-Jan-2015,0.0006572489905
31-Jan-2015,0.0009972717788
01-Feb-2015,0.00116265497
02-Feb-2015,0.001244089838
03-Feb-2015,0.001255496841
04-Feb-2015,0.001278937801
05-Feb-2015,0.001321834857
06-Feb-2015,0.001320305633
07-Feb-2015,0.001322871487
08-Feb-2015,0.001327341382
09-Feb-2015,0.001319323993
10-Feb-2015,0.001331297643
11-Feb-2015,0.001294629717
12-Feb-2015,0.001180526264
13-Feb-2015,0.00109065672
14-Feb-2015,0.0009756938055
15-Feb-2015,0.0009051230055
16-Feb-2015,0.0008264956485
17-Feb-2015,0.000754640433
18-Feb-2015,0.0007012971067
19-Feb-2015,0.0006511388669
20-Feb-2015,0.0006493814898
21-Feb-2015,0.0006425693203
22-Feb-2015,0.0006067747107
23-Feb-2015,0.0006238415445
24-Feb-2015,0.0006907331968
25-Feb-2015,0.0008110551582
26-Feb-2015,0.0009279037453
27-Feb-2015,0.0009876579521
28-Feb-2015,0.001073690712
01-Mar-2015,0.001118752846
02-Mar-2015,0.001236295295
03-Mar-2015,0.001262420302
04-Mar-2015,0.001286101151
05-Mar-2015,0.001275909213
06-Mar-2015,0.001282730805
07-Mar-2015,0.001229955893
08-Mar-2015,0.001188329836
09-Mar-2015,0.001100466023
10-Mar-2015,0.0009903207458
11-Mar-2015,0.000872799286
12-Mar-2015,0.0007925212444
13-Mar-2015,0.0007318095911
14-Mar-2015,0.0006934102881
15-Mar-2015,0.0006264528464
16-Mar-2015,0.0005709409355
17-Mar-2015,0.0005389768539
18-Mar-2015,0.0005491102195
19-Mar-2015,0.0005625141202
20-Mar-2015,0.0005289972347
21-Mar-2015,0.0005437717253
22-Mar-2015,0.0005726360137
23-Mar-2015,0.0006475005387
24-Mar-2015,0.0007453992897
25-Mar-2015,0.0008575558696
26-Mar-2015,0.0009201853168
27-Mar-2015,0.001000186765
28-Mar-2015,0.001074207733
29-Mar-2015,0.00117969536
30-Mar-2015,0.001201214661
31-Mar-2015,0.001223557239
01-Apr-2015,0.001156773479
02-Apr-2015,0.001188110171
03-Apr-2015,0.001138807142
04-Apr-2015,0.0009934570242
05-Apr-2015,0.0008533993564
06-Apr-2015,0.0007893017908
07-Apr-2015,0.0006967210428
08-Apr-2015,0.0006442678361
09-Apr-2015,0.000602638541
10-Apr-2015,0.0005681031798
11-Apr-2015,0.0005295037324
12-Apr-2015,0.000516482399
13-Apr-2015,0.0005189706839
14-Apr-2015,0.0005305991632
15-Apr-2015,0.0005813927823
16-Apr-2015,0.0006223592032
17-Apr-2015,0.0006678791101
18-Apr-2015,0.0007357500296
19-Apr-2015,0.0007809612221
20-Apr-2015,0.0008342039661
21-Apr-2015,0.000915321568
22-Apr-2015,0.0009109964448
23-Apr-2015,0.0009618185238
24-Apr-2015,0.001004675473
25-Apr-2015,0.001069515407
26-Apr-2015,0.001079166792
27-Apr-2015,0.001037148666
28-Apr-2015,0.0009750649992
29-Apr-2015,0.000934870799
30-Apr-2015,0.000857584589
01-May-2015,0.0007485831843
02-May-2015,0.00065167117
03-May-2015,0.0005919989494
04-May-2015,0.0005597684023
05-May-2015,0.0005119640176
06-May-2015,0.0005237123721
07-May-2015,0.0005869216168
08-May-2015,0.0006428877634
09-May-2015,0.000671611198
10-May-2015,0.000734886272
11-May-2015,0.000744784756
12-May-2015,0.000744784756
13-May-2015,0.0007778691316
14-May-2015,0.000784268919
15-May-2015,0.0007775422661
16-May-2015,0.0008083417195
17-May-2015,0.0008366762882
18-May-2015,0.0008582409925
19-May-2015,0.0008568771286
20-May-2015,0.0008434976907
21-May-2015,0.000881962925
22-May-2015,0.0008980469219
23-May-2015,0.0008921341066
24-May-2015,0.0008338868447
25-May-2015,0.0008331012274
26-May-2015,0.0007866733286
27-May-2015,0.0006972156543
28-May-2015,0.0006400330838
29-May-2015,0.0005876633613
30-May-2015,0.0005568462674
31-May-2015,0.000537542603
01-Jun-2015,0.000566382874
02-Jun-2015,0.0006149356992
03-Jun-2015,0.0005879029145
04-Jun-2015,0.0006256662923
05-Jun-2015,0.0006500727825
06-Jun-2015,0.0007048450953
07-Jun-2015,0.0007304492976
08-Jun-2015,0.0007334826475
09-Jun-2015,0.0007180372405
10-Jun-2015,0.0007422490781
11-Jun-2015,0.0007239842504
12-Jun-2015,0.0007606550958
13-Jun-2015,0.0007896097399
14-Jun-2015,0.0007896097399
15-Jun-2015,0.0008441805032
16-Jun-2015,0.0008313886418
17-Jun-2015,0.0008165339102
18-Jun-2015,0.0008002702642
19-Jun-2015,0.0007541977828
20-Jun-2015,0.0007094265784
21-Jun-2015,0.0006933350831
22-Jun-2015,0.0007004950713
23-Jun-2015,0.0006564540528
24-Jun-2015,0.0006118399224
25-Jun-2015,0.0005879900763
26-Jun-2015,0.0005562123512
27-Jun-2015,0.0005736178743
28-Jun-2015,0.0006107815085
29-Jun-2015,0.00061455552
30-Jun-2015,0.0005764992069
01-Jul-2015,0.0005764992069
02-Jul-2015,0.0005764992069
03-Jul-2015,0.0005764992069
04-Jul-2015,0.0006879406997
05-Jul-2015,0.0007013926111
06-Jul-2015,0.0007499320497
07-Jul-2015,0.0008001429828
08-Jul-2015,0.0008252061971
09-Jul-2015,0.0008706559976
10-Jul-2015,0.0008907074889
11-Jul-2015,0.0008665024257
12-Jul-2015,0.0008340385241
13-Jul-2015,0.0008492241379
14-Jul-2015,0.0008060556043
15-Jul-2015,0.0007099816507
16-Jul-2015,0.0006660373974
17-Jul-2015,0.0006408474746
18-Jul-2015,0.0006173133165
19-Jul-2015,0.000580135843
20-Jul-2015,0.0004977049496
21-Jul-2015,0.0004494499743
22-Jul-2015,0.0004374509372
23-Jul-2015,0.0004777899857
24-Jul-2015,0.0005192044497
25-Jul-2015,0.0005483592703
26-Jul-2015,0.0006073876381
27-Jul-2015,0.0006130668156
28-Jul-2015,0.0006468976854
29-Jul-2015,0.0007192136876
30-Jul-2015,0.0007385756627
31-Jul-2015,0.0007535644988
01-Aug-2015,0.0007232368481
02-Aug-2015,0.0007398227734
03-Aug-2015,0.000726442121
04-Aug-2015,0.0007792423713
05-Aug-2015,0.0007700421573
06-Aug-2015,0.0007005351421
07-Aug-2015,0.0006521562483
08-Aug-2015,0.0006351435248
09-Aug-2015,0.0006208399922
10-Aug-2015,0.0005990534036
11-Aug-2015,0.0005608117102
12-Aug-2015,0.0005351390057
13-Aug-2015,0.0004781054746
14-Aug-2015,0.0004635643796
15-Aug-2015,0.0004297533649
16-Aug-2015,0.0003964400161
17-Aug-2015,0.0003860423
18-Aug-2015,0.0003866126568
19-Aug-2015,0.0004154607711
20-Aug-2015,0.0004999475676
21-Aug-2015,0.0005495280282
22-Aug-2015,0.0006202635736
23-Aug-2015,0.000684708469
24-Aug-2015,0.0006927904312
25-Aug-2015,0.0006927904312
26-Aug-2015,0.0007558780257
27-Aug-2015,0.0007690675475
28-Aug-2015,0.0007941860588
29-Aug-2015,0.0007683527468
30-Aug-2015,0.0007470554214
31-Aug-2015,0.0007012839532
01-Sep-2015,0.0006694915151
02-Sep-2015,0.0006098573695
03-Sep-2015,0.0005444120997
04-Sep-2015,0.0005021045933
05-Sep-2015,0.0004688957442
06-Sep-2015,0.0004135883909
07-Sep-2015,0.0004173104235
08-Sep-2015,0.0003744985934
09-Sep-2015,0.0003494884562
10-Sep-2015,0.0003258338828
11-Sep-2015,0.0003132871511
12-Sep-2015,0.0003401817181
13-Sep-2015,0.0003401817181
14-Sep-2015,0.0003925068125
15-Sep-2015,0.0004395902668
16-Sep-2015,0.0004717837049
17-Sep-2015,0.0004871537487
18-Sep-2015,0.0005623531845
19-Sep-2015,0.0006233639326
20-Sep-2015,0.0006419868758
21-Sep-2015,0.0006532947443
22-Sep-2015,0.0006803313293
23-Sep-2015,0.0006821251794
24-Sep-2015,0.0006803249735
25-Sep-2015,0.0006759710157
26-Sep-2015,0.0006395386089
27-Sep-2015,0.0006213147729
28-Sep-2015,0.0006290605275
29-Sep-2015,0.0006115220067
30-Sep-2015,0.0005459355603
01-Oct-2015,0.0005094654961
02-Oct-2015,0.000452641919
03-Oct-2015,0.0003742577323
04-Oct-2015,0.0003284523649
05-Oct-2015,0.0002963825289
06-Oct-2015,0.000295867936
07-Oct-2015,0.0003136269782
08-Oct-2015,0.000294816003
09-Oct-2015,0.0003010131864
10-Oct-2015,0.0003052975911
11-Oct-2015,0.0003282411005
12-Oct-2015,0.0003306830031
13-Oct-2015,0.0003933812837
14-Oct-2015,0.0003933812837
15-Oct-2015,0.0004662412133
16-Oct-2015,0.000560577149
17-Oct-2015,0.0006676745265
18-Oct-2015,0.0007489092502
19-Oct-2015,0.0008230288487
20-Oct-2015,0.0008176057546
21-Oct-2015,0.0008128363008
22-Oct-2015,0.0008302919121
23-Oct-2015,0.0007937290183
24-Oct-2015,0.000750774414
25-Oct-2015,0.0007167790616
26-Oct-2015,0.0006661154347
27-Oct-2015,0.0005854679309
28-Oct-2015,0.000508548703
29-Oct-2015,0.000448511837
30-Oct-2015,0.0004321459234
31-Oct-2015,0.0003846367328
01-Nov-2015,0.0003671283887
02-Nov-2015,0.0003864729049
03-Nov-2015,0.0004022310774
04-Nov-2015,0.0004083283594
05-Nov-2015,0.0003960094603
06-Nov-2015,0.000419806714
07-Nov-2015,0.0004144522697
08-Nov-2015,0.0004389744555
09-Nov-2015,0.0004961611806
10-Nov-2015,0.0005204944789
11-Nov-2015,0.0005139867081
12-Nov-2015,0.0005552732321
13-Nov-2015,0.0006377054005
14-Nov-2015,0.0007261688333
15-Nov-2015,0.0007799166027
16-Nov-2015,0.0009911353762
17-Nov-2015,0.000791888355
18-Nov-2015,0.0007860417902
19-Nov-2015,0.0007804200037
20-Nov-2015,0.0007500340366
21-Nov-2015,0.0007553351837
22-Nov-2015,0.000729874014
23-Nov-2015,0.0007360022385
24-Nov-2015,0.0007440796283
25-Nov-2015,0.0007073142851
26-Nov-2015,0.0006239052409
27-Nov-2015,0.0005331407309
28-Nov-2015,0.0004841615891
29-Nov-2015,0.0004469624219
30-Nov-2015,0.0004540789463
01-Dec-2015,0.0004899771113
02-Dec-2015,0.0004684901964
03-Dec-2015,0.0004478435713
04-Dec-2015,0.0004333913362
05-Dec-2015,0.000454492837
06-Dec-2015,0.0004765353782
07-Dec-2015,0.0004714221115
08-Dec-2015,0.000473828069
09-Dec-2015,0.0005519400123
10-Dec-2015,0.0005904476803
11-Dec-2015,0.0006426789565
12-Dec-2015,0.0006636670346
13-Dec-2015,0.0006966761296
14-Dec-2015,0.0007141304
15-Dec-2015,0.0007810837537
16-Dec-2015,0.0007588883064
17-Dec-2015,0.0007483111482
18-Dec-2015,0.0007425488902
19-Dec-2015,0.0007180654944
20-Dec-2015,0.0007095242991
21-Dec-2015,0.0006797085563
22-Dec-2015,0.000640382173
23-Dec-2015,0.0006047195673
24-Dec-2015,0.0006359154953
25-Dec-2015,0.0006074582639
26-Dec-2015,0.0005657454061
27-Dec-2015,0.0005502815684
28-Dec-2015,0.0005537017504
29-Dec-2015,0.0005442637076
30-Dec-2015,0.0005487664993
31-Dec-2015,0.0005639309753
01-Jan-2016,0.0005335590487
02-Jan-2016,0.0005141751766
03-Jan-2016,0.0005064718386
04-Jan-2016,0.0004912131266
05-Jan-2016,0.0005402234658
06-Jan-2016,0.0005725257536
07-Jan-2016,0.0005741240816
08-Jan-2016,0.0006318499246
09-Jan-2016,0.0006886227263
10-Jan-2016,0.0007266727228
11-Jan-2016,0.0007182383091
12-Jan-2016,0.0007139500721
13-Jan-2016,0.0006973672248
14-Jan-2016,0.0006567788534
15-Jan-2016,0.0006196073208
16-Jan-2016,0.0006251539929
17-Jan-2016,0.0006578935797
18-Jan-2016,0.0006784599408
19-Jan-2016,0.0006174008152
20-Jan-2016,0.0005339026977
21-Jan-2016,0.0005563751723
22-Jan-2016,0.0005238243346
23-Jan-2016,0.0005062572087
24-Jan-2016,0.0005080936829
25-Jan-2016,0.0005030784097
26-Jan-2016,0.0005184566036
27-Jan-2016,0.000535581251
28-Jan-2016,0.0005624023275
29-Jan-2016,0.0005589753081
30-Jan-2016,0.0005386230312
31-Jan-2016,0.0005174658663
01-Feb-2016,0.0005124781855
02-Feb-2016,0.0005124781855
03-Feb-2016,0.0005124781855
04-Feb-2016,0.000579917649
05-Feb-2016,0.0006035843236
06-Feb-2016,0.0006021652454
07-Feb-2016,0.0005774534529
08-Feb-2016,0.000614728499
09-Feb-2016,0.0006047485612
10-Feb-2016,0.0005900649605
11-Feb-2016,0.0005568268843
12-Feb-2016,0.0005727151193
13-Feb-2016,0.0005783304171
14-Feb-2016,0.000554428234
15-Feb-2016,0.0005723648355
16-Feb-2016,0.0005626452523
17-Feb-2016,0.0004630978708
18-Feb-2016,0.000451583629
19-Feb-2016,0.000455897536
20-Feb-2016,0.0005074964055
21-Feb-2016,0.000509587538
22-Feb-2016,0.0004668733883
23-Feb-2016,0.0004704850463
24-Feb-2016,0.0004946927903
25-Feb-2016,0.000457000257
26-Feb-2016,0.0004630613003
27-Feb-2016,0.0004750564229
28-Feb-2016,0.0004624364136
29-Feb-2016,0.0004814751881
01-Mar-2016,0.0004992768992
02-Mar-2016,0.0005266310572
03-Mar-2016,0.0005321272154
04-Mar-2016,0.0005640122878
05-Mar-2016,0.0005577098942
06-Mar-2016,0.0005423004513
07-Mar-2016,0.0005223945063
08-Mar-2016,0.0005096468005
09-Mar-2016,0.0005091895242
10-Mar-2016,0.0005163626102
11-Mar-2016,0.0005280667246
12-Mar-2016,0.0005135063899
13-Mar-2016,0.000509730732
14-Mar-2016,0.000464839196
15-Mar-2016,0.0004393507739
16-Mar-2016,0.0004227377046
17-Mar-2016,0.0004067439895
18-Mar-2016,0.000467014717
19-Mar-2016,0.0004423773347
20-Mar-2016,0.0004474888845
21-Mar-2016,0.0004211540972
22-Mar-2016,0.0003902439011
23-Mar-2016,0.0003619593928
24-Mar-2016,0.0003619593928
25-Mar-2016,0.0003936546901
26-Mar-2016,0.0003922264536
27-Mar-2016,0.0003699560645
28-Mar-2016,0.0003604457694
29-Mar-2016,0.0003428130004
30-Mar-2016,0.000360641338
31-Mar-2016,0.0003814910672
01-Apr-2016,0.0003992571816
02-Apr-2016,0.0003665541017
03-Apr-2016,0.0003613333332
04-Apr-2016,0.0003827217014
05-Apr-2016,0.0004071031472
06-Apr-2016,0.0003993138898
07-Apr-2016,0.0003646131823
08-Apr-2016,0.0003634380996
09-Apr-2016,0.0003920040396
10-Apr-2016,0.0004696373764
11-Apr-2016,0.0004605824291
12-Apr-2016,0.0004696683087
13-Apr-2016,0.0004498586342
14-Apr-2016,0.0004387373633
15-Apr-2016,0.0004395309531
16-Apr-2016,0.0004410370648
17-Apr-2016,0.0004311706696
18-Apr-2016,0.0003989176554
19-Apr-2016,0.0003963301661
20-Apr-2016,0.0003653327848
21-Apr-2016,0.0003226099219
22-Apr-2016,0.0002756480366
23-Apr-2016,0.0002623525878
24-Apr-2016,0.0002608244906
25-Apr-2016,0.0002691986924
26-Apr-2016,0.0002906266838
27-Apr-2016,0.0003230119149
28-Apr-2016,0.0003339021035
29-Apr-2016,0.000296582165
30-Apr-2016,0.0003138298198
01-May-2016,0.0003489120737
02-May-2016,0.0003626074898
03-May-2016,0.0003667753694
04-May-2016,0.0003963052304
05-May-2016,0.0004268914959
06-May-2016,0.0004478410654
07-May-2016,0.0004108184263
08-May-2016,0.0004083676024
09-May-2016,0.0004351101869
10-May-2016,0.0004420628396
11-May-2016,0.0004238074874
12-May-2016,0.0004369817601
13-May-2016,0.0004381276545
14-May-2016,0.0004225820454
15-May-2016,0.0004027637277
16-May-2016,0.0004208085398
17-May-2016,0.0004211183054
18-May-2016,0.0003767827701
19-May-2016,0.0003359411163
20-May-2016,0.0003615995021
21-May-2016,0.0003690753681
22-May-2016,0.0003690753681
23-May-2016,0.0003318138401
24-May-2016,0.0003015111799
25-May-2016,0.0003205804347
26-May-2016,0.0003366400923
27-May-2016,0.0003231030817
28-May-2016,0.000304648099
29-May-2016,0.0003182548156
30-May-2016,0.0003413732084
31-May-2016,0.0003821470757
01-Jun-2016,0.0004524900841
02-Jun-2016,0.0004682128981
03-Jun-2016,0.000458818458
04-Jun-2016,0.0004249918807
05-Jun-2016,0.0004472677126
06-Jun-2016,0.0004376899362
07-Jun-2016,0.0004279369371
08-Jun-2016,0.0004219625862
09-Jun-2016,0.0004218355976
10-Jun-2016,0.0004045905329
11-Jun-2016,0.0003923911264
12-Jun-2016,0.0003832408796
13-Jun-2016,0.0003807720641
14-Jun-2016,0.0003701616425
15-Jun-2016,0.0003408508086
16-Jun-2016,0.0003231525805
17-Jun-2016,0.0003427934552
18-Jun-2016,0.0003329989502
19-Jun-2016,0.0003162227658
20-Jun-2016,0.0003001047709
21-Jun-2016,0.0002926676525
22-Jun-2016,0.000288411377
23-Jun-2016,0.000259196217
24-Jun-2016,0.0002311590075
25-Jun-2016,0.0002298939494
26-Jun-2016,0.0002737247647
27-Jun-2016,0.0003241226474
28-Jun-2016,0.000376872552
29-Jun-2016,0.0003414113782
30-Jun-2016,0.0003409192846
01-Jul-2016,0.0003430958799
02-Jul-2016,0.000350983698
03-Jul-2016,0.0003443891412
04-Jul-2016,0.0003456842383
05-Jul-2016,0.000331679726
06-Jul-2016,0.0003296085779
07-Jul-2016,0.0003296354476
08-Jul-2016,0.0003201565074
09-Jul-2016,0.0003121474077
10-Jul-2016,0.0003514587847
11-Jul-2016,0.0003385477478
12-Jul-2016,0.000335437636
13-Jul-2016,0.0003718763729
14-Jul-2016,0.0003812018914
15-Jul-2016,0.0003796443946
16-Jul-2016,0.0003783433869
17-Jul-2016,0.000362490978
18-Jul-2016,0.0003518796357
19-Jul-2016,0.00035845317
20-Jul-2016,0.0003344032384
21-Jul-2016,0.000277676494
22-Jul-2016,0.0002543506216
23-Jul-2016,0.0002521942441
24-Jul-2016,0.0002344905601
25-Jul-2016,0.0002395233174
26-Jul-2016,0.0002511201217
27-Jul-2016,0.0002617373374
28-Jul-2016,0.0002617373374
29-Jul-2016,0.0002648245953
30-Jul-2016,0.0002667515441
31-Jul-2016,0.0002623193258
01-Aug-2016,0.000262969997
02-Aug-2016,0.0002458387695
03-Aug-2016,0.0002830993775
04-Aug-2016,0.0003021445336
05-Aug-2016,0.0003022355594
06-Aug-2016,0.0003111644331
07-Aug-2016,0.0003468312192
08-Aug-2016,0.0003719018064
09-Aug-2016,0.0003407090086
10-Aug-2016,0.0003923293033
11-Aug-2016,0.0003948691543
12-Aug-2016,0.0003961110736
13-Aug-2016,0.0003548634718
14-Aug-2016,0.000335406502
15-Aug-2016,0.0003228620143
16-Aug-2016,0.001105902
17-Aug-2016,0.0003061698309
18-Aug-2016,0.000283343785
19-Aug-2016,0.0002781019618
20-Aug-2016,0.0002440816656
21-Aug-2016,0.0002102537181
22-Aug-2016,0.0002087051599
23-Aug-2016,0.0002353716202
24-Aug-2016,0.0002508791999
25-Aug-2016,0.0002406226435
26-Aug-2016,0.0002615602622
27-Aug-2016,0.000267431558
28-Aug-2016,0.0002772524145
29-Aug-2016,0.0002802945499
30-Aug-2016,0.0002910884203
31-Aug-2016,0.0003074171816
01-Sep-2016,0.0003412442806
02-Sep-2016,0.0003572481126
03-Sep-2016,0.0003970013877
04-Sep-2016,0.000401719635
05-Sep-2016,0.0003896168891
06-Sep-2016,0.0004198628806
07-Sep-2016,0.0004001920607
08-Sep-2016,0.0004022813716
09-Sep-2016,0.0003864000261
10-Sep-2016,0.0003916269854
11-Sep-2016,0.0003797136119
12-Sep-2016,0.0003411089919
13-Sep-2016,0.0002946649038
14-Sep-2016,0.0002708249417
15-Sep-2016,0.0002630174249
16-Sep-2016,0.0002339189946
17-Sep-2016,0.0002310124095
18-Sep-2016,0.0002445864834
19-Sep-2016,0.00025951303
20-Sep-2016,0.0002502831925
21-Sep-2016,0.0002551649013
22-Sep-2016,0.0002460224321
23-Sep-2016,0.0002398802432
24-Sep-2016,0.0002542385853
25-Sep-2016,0.0002556060406
26-Sep-2016,0.0002655488087
27-Sep-2016,0.0002825066428
28-Sep-2016,0.0002641739088
29-Sep-2016,0.0002800517738
30-Sep-2016,0.0003075280497
01-Oct-2016,0.0003141825168
02-Oct-2016,0.0003123480498
03-Oct-2016,0.0003293717076
04-Oct-2016,0.0003362948723
05-Oct-2016,0.0003689735368
06-Oct-2016,0.000406988556
07-Oct-2016,0.0004031978433
08-Oct-2016,0.0003711726775
09-Oct-2016,0.0003666750563
10-Oct-2016,0.0003348326361
11-Oct-2016,0.0003246473886
12-Oct-2016,0.0003126342627
13-Oct-2016,0.0002887817733
14-Oct-2016,0.000280989802
15-Oct-2016,0.0002737328036
16-Oct-2016,0.0002494021199
17-Oct-2016,0.0002217104505
18-Oct-2016,0.0002293225117
19-Oct-2016,0.0002249553867
20-Oct-2016,0.0002140262132
21-Oct-2016,0.0002047460633
22-Oct-2016,0.0002088643122
23-Oct-2016,0.0002131721347
24-Oct-2016,0.0002211261326
25-Oct-2016,0.0001973096785
26-Oct-2016,0.0002055907191
27-Oct-2016,0.0002413517742
28-Oct-2016,0.0002670192363
29-Oct-2016,0.0002703274637
30-Oct-2016,0.0002760558059
31-Oct-2016,0.0002953247098
01-Nov-2016,0.0002901522592
02-Nov-2016,0.0002901335838
03-Nov-2016,0.0002866845674
04-Nov-2016,0.0002760080659
05-Nov-2016,0.0002653286742
06-Nov-2016,0.0002456355434
07-Nov-2016,0.0002294758054
08-Nov-2016,0.0002331645748
09-Nov-2016,0.0002097127598
10-Nov-2016,0.0001914262706
11-Nov-2016,0.0002087338174
12-Nov-2016,0.0002048033748
13-Nov-2016,0.0001951326323
14-Nov-2016,0.0001897007432
15-Nov-2016,0.0001820680346
16-Nov-2016,0.0001881643352
17-Nov-2016,0.0001961437602
18-Nov-2016,0.0002037226613
19-Nov-2016,0.0001913613043
20-Nov-2016,0.0001823640051
21-Nov-2016,0.0001706982124
22-Nov-2016,0.0001651245184
23-Nov-2016,0.0001849784772
24-Nov-2016,0.0001966538028
25-Nov-2016,0.0001967730032
26-Nov-2016,0.0002136190025
27-Nov-2016,0.0002509782971
28-Nov-2016,0.0002596336374
29-Nov-2016,0.0002712896106
30-Nov-2016,0.0002680268361
01-Dec-2016,0.0002563194931
02-Dec-2016,0.0002458357511
03-Dec-2016,0.000222469354
04-Dec-2016,0.0002126808848
05-Dec-2016,0.0002070766393
06-Dec-2016,0.0001927864927
07-Dec-2016,0.0001747832386
08-Dec-2016,0.000160310046
09-Dec-2016,0.000163172631
10-Dec-2016,0.0001329085513
11-Dec-2016,0.0001251091192
12-Dec-2016,0.0001250410014
13-Dec-2016,0.0001237665521
14-Dec-2016,0.0001210676908
15-Dec-2016,0.0001234523908
16-Dec-2016,0.0001194141788
17-Dec-2016,0.000120054467
18-Dec-2016,0.0001203563351
19-Dec-2016,0.0001274611955
20-Dec-2016,0.0001472946814
21-Dec-2016,0.0001646385714
22-Dec-2016,0.0001593254235
23-Dec-2016,0.000162584274
24-Dec-2016,0.0001799757756
25-Dec-2016,0.000172447864
26-Dec-2016,0.0001753379282
27-Dec-2016,0.0001842582708
28-Dec-2016,0.0001919230041
29-Dec-2016,0.0001934606546
30-Dec-2016,0.0001748115605
31-Dec-2016,0.000166297706
01-Jan-2017,0.0001815612902
02-Jan-2017,0.000166300733
03-Jan-2017,0.0001691708516
04-Jan-2017,0.0001624730787
05-Jan-2017,0.0001599624857
06-Jan-2017,0.0001307363536
07-Jan-2017,0.0001184333272
08-Jan-2017,0.0001181481541
09-Jan-2017,0.0001095358479
10-Jan-2017,0.0001036446368
11-Jan-2017,9.88E-05
12-Jan-2017,8.87E-05
13-Jan-2017,9.23E-05
14-Jan-2017,0.0001146474895
15-Jan-2017,0.0001403098562
16-Jan-2017,0.0001589481428
17-Jan-2017,0.0001665351442
18-Jan-2017,0.0001752931832
19-Jan-2017,0.0001897856584
20-Jan-2017,0.0002070551532
21-Jan-2017,0.0002181496584
22-Jan-2017,0.0002236601558
23-Jan-2017,0.0002261753915
24-Jan-2017,0.0002268092181
25-Jan-2017,0.0002250529135
26-Jan-2017,0.0002214683927
27-Jan-2017,0.0002094227013
28-Jan-2017,0.0002029706628
29-Jan-2017,0.0001893918129
30-Jan-2017,0.0001811576366
31-Jan-2017,0.0001721649875
01-Feb-2017,0.0001579425505
02-Feb-2017,0.0001445187631
03-Feb-2017,0.0001317817824
04-Feb-2017,0.000120936833
05-Feb-2017,0.000109387232
06-Feb-2017,9.59E-05
07-Feb-2017,9.45E-05
08-Feb-2017,0.0001072938138
09-Feb-2017,0.0001283448258
10-Feb-2017,0.0001443669526
11-Feb-2017,0.000142283642
12-Feb-2017,0.0001564974785
13-Feb-2017,0.0001689257935
14-Feb-2017,0.0001808101845
15-Feb-2017,0.0001868681297
16-Feb-2017,0.0001844147586
17-Feb-2017,0.0001625755852
18-Feb-2017,0.0001519411895
19-Feb-2017,0.0001556732924
20-Feb-2017,0.0001814870869
21-Feb-2017,0.0002092140393
22-Feb-2017,0.0002133511563
23-Feb-2017,0.0002081633616
24-Feb-2017,0.0002167114457
25-Feb-2017,0.0002171233442
26-Feb-2017,0.000219542338
27-Feb-2017,0.0002036665179
28-Feb-2017,0.0002016604573
01-Mar-2017,0.0001902947343
02-Mar-2017,0.0001841925455
03-Mar-2017,0.0001749487247
04-Mar-2017,0.0001461011827
05-Mar-2017,0.0001233871908
06-Mar-2017,0.0001152380084
07-Mar-2017,0.0001079427192
08-Mar-2017,0.0001074137071
09-Mar-2017,0.0001148069326
10-Mar-2017,0.0001063644389
11-Mar-2017,0.0001046420657
12-Mar-2017,0.0001074667294
13-Mar-2017,0.0001176130435
14-Mar-2017,0.0001279171316
15-Mar-2017,0.0001206117744
16-Mar-2017,0.0001187199715
17-Mar-2017,0.0001228788878
18-Mar-2017,0.0001415972951
19-Mar-2017,0.0001577675643
20-Mar-2017,0.0001687533912
21-Mar-2017,0.000158437931
22-Mar-2017,0.0001583112122
23-Mar-2017,0.0001676059216
24-Mar-2017,0.0001808073056
25-Mar-2017,0.0001808500523
26-Mar-2017,0.0001776570188
27-Mar-2017,0.000183217223
28-Mar-2017,0.0001861336016
29-Mar-2017,0.0001910563987
30-Mar-2017,0.0001965415521
31-Mar-2017,0.0001913990572
01-Apr-2017,0.0001919403455
02-Apr-2017,0.0002185780458
03-Apr-2017,0.000232535053
04-Apr-2017,0.00019637542
05-Apr-2017,0.0001704222921
06-Apr-2017,0.0001655193093
07-Apr-2017,0.0001307136725
08-Apr-2017,0.0001307136725
09-Apr-2017,0.0001038117817
10-Apr-2017,0.0001027042142
11-Apr-2017,0.0001161032966
12-Apr-2017,0.0001221624992
13-Apr-2017,0.0001266266173
14-Apr-2017,0.0001296699453
15-Apr-2017,0.0001274053042
16-Apr-2017,0.000126601495
17-Apr-2017,0.0001349841224
18-Apr-2017,0.0001719711477
19-Apr-2017,0.0002363518933
20-Apr-2017,0.0002503072881
21-Apr-2017,0.0002906645287
22-Apr-2017,0.0003079983303
23-Apr-2017,0.0002902319126
24-Apr-2017,0.0003008597099
25-Apr-2017,0.0002944201798
26-Apr-2017,0.0002932274955
27-Apr-2017,0.000273400678
28-Apr-2017,0.0002548881231
29-Apr-2017,0.0002487808888
30-Apr-2017,0.0002170070607
01-May-2017,0.0001640879393
02-May-2017,0.0001398497001
03-May-2017,0.0001273895239
04-May-2017,0.0001214753012
05-May-2017,0.0001118622933
06-May-2017,0.0001101862952
07-May-2017,0.0001020139747
08-May-2017,9.79E-05
09-May-2017,8.85E-05
10-May-2017,8.42E-05
11-May-2017,8.32E-05
12-May-2017,8.42E-05
13-May-2017,8.33E-05
14-May-2017,0.0001170868153
15-May-2017,0.0001451472734
16-May-2017,0.000172951709
17-May-2017,0.0001968889083
18-May-2017,0.000236674
19-May-2017,0.0002625097646
20-May-2017,0.0002824293001
21-May-2017,0.0003203386464
22-May-2017,0.000296789157
23-May-2017,0.0002950634189
24-May-2017,0.0002771000861
25-May-2017,0.0002491093954
26-May-2017,0.0002228988406
27-May-2017,0.0002032994794
28-May-2017,0.0001745414296
29-May-2017,0.0001452792894
30-May-2017,0.0001189220212
31-May-2017,0.0001054294621
01-Jun-2017,9.90E-05
02-Jun-2017,0.0001176686751
03-Jun-2017,0.0001345207179
04-Jun-2017,0.0001474785398
05-Jun-2017,0.0001531264199
06-Jun-2017,0.0001462218439
07-Jun-2017,0.0001498310686
08-Jun-2017,0.0001378105948
09-Jun-2017,0.0001393419414
10-Jun-2017,0.0001507086274
11-Jun-2017,0.0001705631426
12-Jun-2017,0.0001891753307
13-Jun-2017,0.0002044869833
14-Jun-2017,0.0002210538431
15-Jun-2017,0.000269420054
16-Jun-2017,0.0002770362931
17-Jun-2017,0.0002946030895
18-Jun-2017,0.0002983933261
19-Jun-2017,0.0002943295315
20-Jun-2017,0.0002827110737
21-Jun-2017,0.0002674141044
22-Jun-2017,0.000259845824
23-Jun-2017,0.0002197469585
24-Jun-2017,0.000192576582
25-Jun-2017,0.0001767451029
26-Jun-2017,7.15E-05
27-Jun-2017,0.0001532556243
28-Jun-2017,0.00015020198
29-Jun-2017,0.0001482171503
30-Jun-2017,0.0001450741289
01-Jul-2017,0.0001426487278
02-Jul-2017,0.0001282395529
03-Jul-2017,0.0001226431684
04-Jul-2017,0.0001170399623
05-Jul-2017,0.0001123929004
06-Jul-2017,0.0001275863634
07-Jul-2017,0.0001513092844
08-Jul-2017,0.0001772422594
09-Jul-2017,0.0001955294431
10-Jul-2017,0.0002354343616
11-Jul-2017,0.0002681038357
12-Jul-2017,0.0002861365874
13-Jul-2017,0.0002978577818
14-Jul-2017,0.0003291313698
15-Jul-2017,0.0003153741319
16-Jul-2017,0.0003104167108
17-Jul-2017,0.0003181871822
18-Jul-2017,0.0002571645978
19-Jul-2017,0.0002117794956
20-Jul-2017,0.0001830723005
21-Jul-2017,0.000168782744
22-Jul-2017,0.0001656521601
23-Jul-2017,0.000167764561
24-Jul-2017,0.0001442164387
25-Jul-2017,0.0001445575931
26-Jul-2017,0.0001422598037
27-Jul-2017,0.0001366791785
28-Jul-2017,0.0001388925384
29-Jul-2017,0.0001402274431
30-Jul-2017,0.0001269278744
31-Jul-2017,0.0001310197851
01-Aug-2017,0.0001310197851
02-Aug-2017,0.0001694479497
03-Aug-2017,0.000169330897
04-Aug-2017,0.0001710077731
05-Aug-2017,0.0001853417509
06-Aug-2017,0.0001987833381
07-Aug-2017,0.0002176286838
08-Aug-2017,0.0002259250702
09-Aug-2017,0.0002349037422
10-Aug-2017,0.0002457312496
11-Aug-2017,0.0002455037824
12-Aug-2017,0.0002491351475
13-Aug-2017,0.0002544999165
14-Aug-2017,0.0002063906156
15-Aug-2017,0.0001664394993
16-Aug-2017,0.000160656394
17-Aug-2017,0.0001757474388
18-Aug-2017,0.0001824339016
19-Aug-2017,0.000194304213
20-Aug-2017,0.0001916674494
21-Aug-2017,0.0001888222656
22-Aug-2017,0.0002343085153
23-Aug-2017,0.0002436734389
24-Aug-2017,0.0002495183483
25-Aug-2017,0.000251250584
26-Aug-2017,0.0002234207115
27-Aug-2017,0.0002084795062
28-Aug-2017,0.0002150239539
29-Aug-2017,0.0002150239539
30-Aug-2017,0.0001994794236
31-Aug-2017,0.0002499157301
01-Sep-2017,0.0002843590535
02-Sep-2017,0.0002864281386
03-Sep-2017,0.0003008903536
04-Sep-2017,0.0003390695409
05-Sep-2017,0.0003640252832
06-Sep-2017,0.000395146913
07-Sep-2017,0.0004364868689
08-Sep-2017,0.0004602251227
09-Sep-2017,0.0004882032953
10-Sep-2017,0.0004522852508
11-Sep-2017,0.0003322291261
12-Sep-2017,0.0002242305587
13-Sep-2017,0.0002126143881
14-Sep-2017,0.0002172897032
15-Sep-2017,0.0002458199891
16-Sep-2017,0.0002572321565
17-Sep-2017,0.0002478296223
18-Sep-2017,0.0002376662981
19-Sep-2017,0.0002467670578
20-Sep-2017,0.000246663499
21-Sep-2017,0.0002415076289
22-Sep-2017,0.0002453553969
23-Sep-2017,0.000256155259
24-Sep-2017,0.0003463151642
25-Sep-2017,0.0004247376734
26-Sep-2017,0.0003552966074
27-Sep-2017,0.0003172445696
28-Sep-2017,0.0003217248086
29-Sep-2017,0.0003498266913
30-Sep-2017,0.0003560044209
01-Oct-2017,0.0003600137398
02-Oct-2017,0.0003612506076
03-Oct-2017,0.0003507010483
04-Oct-2017,0.0003307300353
05-Oct-2017,0.000314277561
06-Oct-2017,0.0003167758619
07-Oct-2017,0.0002936667905
08-Oct-2017,0.0002401848711
09-Oct-2017,0.0001945491582
10-Oct-2017,0.0001571758174
11-Oct-2017,0.0001679543099
12-Oct-2017,0.0001927489503
13-Oct-2017,0.0001981580518
14-Oct-2017,0.0001847629935
15-Oct-2017,0.0001896722889
16-Oct-2017,0.000186043371
17-Oct-2017,0.000194581956
18-Oct-2017,0.0001912651458
19-Oct-2017,0.0001732623418
20-Oct-2017,0.0001718437031
21-Oct-2017,0.0002116922397
22-Oct-2017,0.0002501292224
23-Oct-2017,0.0002779690371
24-Oct-2017,0.0002503386493
25-Oct-2017,0.0002692204196
26-Oct-2017,0.0002692204196
27-Oct-2017,0.0002831496092
28-Oct-2017,0.0002884821114
29-Oct-2017,0.000293667303
30-Oct-2017,0.0002850141317
31-Oct-2017,0.0002663875091
01-Nov-2017,0.0002431786221
02-Nov-2017,0.0002279818678
03-Nov-2017,0.0002064720583
04-Nov-2017,0.000181988075
05-Nov-2017,0.0001552472956
06-Nov-2017,0.0001370193424
07-Nov-2017,0.0001425911153
08-Nov-2017,0.0001543646839
09-Nov-2017,0.0001605208919
10-Nov-2017,0.0001560009239
11-Nov-2017,0.0001548083005
12-Nov-2017,0.0001505216282
13-Nov-2017,0.000150600818
14-Nov-2017,0.0001542127424
15-Nov-2017,0.0001421268095
16-Nov-2017,0.0001446916685
17-Nov-2017,0.0001664267832
18-Nov-2017,0.0001961057807
19-Nov-2017,0.0002111743064
20-Nov-2017,0.0002120913616
21-Nov-2017,0.0002252881355
22-Nov-2017,0.0002372284591
23-Nov-2017,0.0002400396695
24-Nov-2017,0.0002411122359
25-Nov-2017,0.000238470303
26-Nov-2017,0.0002400929857
27-Nov-2017,0.0001960584226
28-Nov-2017,0.0001701285238
29-Nov-2017,0.0001597936662
30-Nov-2017,0.0001367403831
01-Dec-2017,0.0001050308408
02-Dec-2017,9.39E-05
03-Dec-2017,8.04E-05
04-Dec-2017,8.26E-05
05-Dec-2017,9.21E-05
06-Dec-2017,9.21E-05
07-Dec-2017,9.14E-05
08-Dec-2017,9.27E-05
09-Dec-2017,9.43E-05
10-Dec-2017,0.0001079930433
11-Dec-2017,0.0001186833184
12-Dec-2017,0.0001139550931
13-Dec-2017,9.96E-05
14-Dec-2017,0.0001185727026
15-Dec-2017,0.0001229770357
16-Dec-2017,0.0001418628075
17-Dec-2017,0.0001446579826
18-Dec-2017,0.0001428519147
19-Dec-2017,0.0001507222698
20-Dec-2017,0.0001643472668
21-Dec-2017,0.0001675672531
22-Dec-2017,0.000166567265
23-Dec-2017,0.0001595137665
24-Dec-2017,0.0001376202991
25-Dec-2017,0.000119952243
26-Dec-2017,0.0001084485333
27-Dec-2017,9.06E-05
28-Dec-2017,7.68E-05
29-Dec-2017,6.33E-05
30-Dec-2017,6.34E-05
31-Dec-2017,5.84E-05
01-Jan-2018,6.13E-05
02-Jan-2018,5.91E-05
03-Jan-2018,5.97E-05
04-Jan-2018,6.77E-05
05-Jan-2018,6.80E-05
06-Jan-2018,7.43E-05
07-Jan-2018,7.83E-05
08-Jan-2018,7.61E-05
09-Jan-2018,7.09E-05
10-Jan-2018,8.41E-05
11-Jan-2018,8.81E-05
12-Jan-2018,8.88E-05
13-Jan-2018,9.88E-05
14-Jan-2018,0.0001102433
15-Jan-2018,0.0001149056489
16-Jan-2018,0.0001223008716
17-Jan-2018,0.000120691865
18-Jan-2018,0.0001228923246
19-Jan-2018,0.0001106129179
20-Jan-2018,9.30E-05
21-Jan-2018,8.40E-05
22-Jan-2018,8.01E-05
23-Jan-2018,6.82E-05
24-Jan-2018,4.47E-05
25-Jan-2018,4.02E-05
26-Jan-2018,4.50E-05
27-Jan-2018,3.56E-05
28-Jan-2018,3.11E-05
29-Jan-2018,3.11E-05
30-Jan-2018,3.63E-05
31-Jan-2018,4.08E-05
01-Feb-2018,5.73E-05
02-Feb-2018,6.27E-05
03-Feb-2018,6.13E-05
04-Feb-2018,6.29E-05
05-Feb-2018,6.40E-05
06-Feb-2018,7.61E-05
07-Feb-2018,0.0001011509666
08-Feb-2018,9.76E-05
09-Feb-2018,9.67E-05
10-Feb-2018,0.0001178718587
11-Feb-2018,0.0001236725169
12-Feb-2018,0.0001228425918
13-Feb-2018,0.0001148002823
14-Feb-2018,0.0001068012218
15-Feb-2018,9.34E-05
16-Feb-2018,9.10E-05
17-Feb-2018,8.00E-05
18-Feb-2018,5.87E-05
19-Feb-2018,5.36E-05
20-Feb-2018,5.12E-05
21-Feb-2018,4.73E-05
22-Feb-2018,4.28E-05
23-Feb-2018,3.93E-05
24-Feb-2018,4.06E-05
25-Feb-2018,4.36E-05
26-Feb-2018,4.73E-05
27-Feb-2018,5.23E-05
28-Feb-2018,5.03E-05
01-Mar-2018,5.15E-05
02-Mar-2018,5.52E-05
03-Mar-2018,6.77E-05
04-Mar-2018,7.16E-05
05-Mar-2018,7.53E-05
06-Mar-2018,6.77E-05
07-Mar-2018,7.25E-05
08-Mar-2018,8.19E-05
09-Mar-2018,8.02E-05
10-Mar-2018,8.24E-05
11-Mar-2018,8.44E-05
12-Mar-2018,8.68E-05
13-Mar-2018,8.03E-05
14-Mar-2018,7.42E-05
15-Mar-2018,7.53E-05
16-Mar-2018,7.10E-05
17-Mar-2018,6.31E-05
18-Mar-2018,5.54E-05
19-Mar-2018,5.33E-05
20-Mar-2018,5.11E-05
21-Mar-2018,4.73E-05
22-Mar-2018,4.56E-05
23-Mar-2018,4.36E-05
24-Mar-2018,4.01E-05
25-Mar-2018,4.48E-05
26-Mar-2018,4.64E-05
27-Mar-2018,5.04E-05
28-Mar-2018,4.56E-05
29-Mar-2018,5.15E-05
30-Mar-2018,6.13E-05
31-Mar-2018,6.38E-05
01-Apr-2018,5.62E-05
02-Apr-2018,6.00E-05
03-Apr-2018,5.78E-05
04-Apr-2018,6.35E-05
05-Apr-2018,6.69E-05
06-Apr-2018,6.80E-05
07-Apr-2018,6.57E-05
08-Apr-2018,6.84E-05
09-Apr-2018,6.26E-05
10-Apr-2018,6.25E-05
11-Apr-2018,6.09E-05
12-Apr-2018,5.72E-05
13-Apr-2018,5.70E-05
14-Apr-2018,5.48E-05
15-Apr-2018,5.38E-05
16-Apr-2018,5.00E-05
17-Apr-2018,4.94E-05
18-Apr-2018,5.06E-05
19-Apr-2018,4.47E-05
20-Apr-2018,5.23E-05
21-Apr-2018,8.88E-05
22-Apr-2018,9.85E-05
23-Apr-2018,0.0001007685059
24-Apr-2018,9.97E-05
25-Apr-2018,9.77E-05
26-Apr-2018,9.49E-05
27-Apr-2018,7.46E-05
28-Apr-2018,7.33E-05
29-Apr-2018,5.73E-05
30-Apr-2018,5.73E-05
01-May-2018,5.06E-05
02-May-2018,4.16E-05
03-May-2018,3.43E-05
04-May-2018,3.56E-05
05-May-2018,3.56E-05
06-May-2018,3.56E-05
07-May-2018,3.56E-05
08-May-2018,3.56E-05
09-May-2018,3.56E-05
10-May-2018,3.56E-05
11-May-2018,7.24E-05
12-May-2018,7.27E-05
13-May-2018,6.16E-05
14-May-2018,5.13E-05
15-May-2018,6.31E-05
16-May-2018,6.31E-05
17-May-2018,5.37E-05
18-May-2018,5.66E-05
19-May-2018,6.86E-05
20-May-2018,6.69E-05
21-May-2018,5.64E-05
22-May-2018,6.96E-05
23-May-2018,7.29E-05
24-May-2018,8.23E-05
25-May-2018,8.95E-05
26-May-2018,0.0001097459093
27-May-2018,0.0001169569972
28-May-2018,0.0001099402476
29-May-2018,0.0001117631816
30-May-2018,0.0001197619736
31-May-2018,0.000122858619
01-Jun-2018,0.0001219643226
02-Jun-2018,0.0001202304992
03-Jun-2018,0.0001165891278
04-Jun-2018,0.0001258653271
05-Jun-2018,0.0001143087232
06-Jun-2018,9.02E-05
07-Jun-2018,8.68E-05
08-Jun-2018,8.43E-05
09-Jun-2018,7.90E-05
10-Jun-2018,7.42E-05
11-Jun-2018,9.73E-05
12-Jun-2018,8.75E-05
13-Jun-2018,8.33E-05
14-Jun-2018,0.0001052040424
15-Jun-2018,9.95E-05
16-Jun-2018,0.0001009461596
17-Jun-2018,0.0001045959173
18-Jun-2018,0.0001137648013
19-Jun-2018,0.0001466294229
20-Jun-2018,0.0001912476781
21-Jun-2018,0.000208668034
22-Jun-2018,0.0002046716081
23-Jun-2018,0.0002120772695
24-Jun-2018,0.0001932008505
25-Jun-2018,0.0001806449304
26-Jun-2018,0.0001806449304
27-Jun-2018,0.0001806449304
28-Jun-2018,0.0001642475984
29-Jun-2018,0.0001642475984
30-Jun-2018,0.0001454389619
01-Jul-2018,0.000133917461
02-Jul-2018,0.0001124850856
03-Jul-2018,9.93E-05
04-Jul-2018,8.37E-05
05-Jul-2018,8.92E-05
06-Jul-2018,9.13E-05
07-Jul-2018,9.88E-05
08-Jul-2018,0.0001152649893
09-Jul-2018,0.0001246964207
10-Jul-2018,0.0001417894116
11-Jul-2018,0.0001489888264
12-Jul-2018,0.000165041095
13-Jul-2018,0.0001790507618
14-Jul-2018,0.0001799694592
15-Jul-2018,0.0001898656802
16-Jul-2018,0.0002116927628
17-Jul-2018,0.0002116927628
18-Jul-2018,0.0002116927628
19-Jul-2018,0.0002098071797
20-Jul-2018,0.0002083604837
21-Jul-2018,0.0001895872185
22-Jul-2018,0.0001693608532
23-Jul-2018,0.0001600086568
24-Jul-2018,0.0001597427058
25-Jul-2018,0.0001527991622
26-Jul-2018,0.000142608345
27-Jul-2018,0.0001332843187
28-Jul-2018,0.0001204263246
29-Jul-2018,0.0001160333162
30-Jul-2018,0.0001120515749
31-Jul-2018,0.0001155760468
01-Aug-2018,0.0001135224454
02-Aug-2018,0.0001113997946
03-Aug-2018,0.0001333795138
04-Aug-2018,0.0001559738196
05-Aug-2018,0.00016597071
06-Aug-2018,0.0001592716644
07-Aug-2018,0.0001629255666
08-Aug-2018,0.0001746416636
09-Aug-2018,0.0001926386221
10-Aug-2018,0.0001859591299
11-Aug-2018,0.0001869082613
12-Aug-2018,0.000205343841
13-Aug-2018,0.000189805723
14-Aug-2018,0.0001809795387
15-Aug-2018,0.0001621180513
16-Aug-2018,0.0001675867164
17-Aug-2018,0.0001409152045
18-Aug-2018,0.0001234035165
19-Aug-2018,0.0001235571811
20-Aug-2018,0.0001288644965
21-Aug-2018,0.0001164358204
22-Aug-2018,0.0001152125272
23-Aug-2018,0.0001186838587
24-Aug-2018,0.0001199606409
25-Aug-2018,0.0001327894586
26-Aug-2018,0.0001289943541
27-Aug-2018,0.0001237034858
28-Aug-2018,0.0001231649945
29-Aug-2018,0.000114789345
30-Aug-2018,0.0001103344215
31-Aug-2018,0.0001226788965
01-Sep-2018,0.0001352483582
02-Sep-2018,0.0001404308353
03-Sep-2018,0.0001404730491
04-Sep-2018,0.0001563853776
05-Sep-2018,0.0001600484167
06-Sep-2018,0.0001682570806
07-Sep-2018,0.0001673627952
08-Sep-2018,0.0001791842074
09-Sep-2018,0.0001637945806
10-Sep-2018,0.000155311675
11-Sep-2018,0.0001470529324
12-Sep-2018,0.0001619641819
13-Sep-2018,0.000147389822
14-Sep-2018,0.000142391077
15-Sep-2018,0.0001270418603
16-Sep-2018,0.0001331972364
17-Sep-2018,0.0001250129895
18-Sep-2018,0.0001313536926
19-Sep-2018,0.0001268822895
20-Sep-2018,0.0001268822895
21-Sep-2018,0.0001245935722
22-Sep-2018,0.0001177990322
23-Sep-2018,0.0001179082811
24-Sep-2018,0.0001129391267
25-Sep-2018,0.0001060835152
26-Sep-2018,0.0001090212764
27-Sep-2018,0.0001122461422
28-Sep-2018,0.0001089266725
29-Sep-2018,0.0001056826809
30-Sep-2018,0.0001236911404
01-Oct-2018,0.0001207423065
02-Oct-2018,0.0001273150428
03-Oct-2018,0.0001295591922
04-Oct-2018,0.0001318267917
05-Oct-2018,0.0001285088769
06-Oct-2018,0.0001192127063
07-Oct-2018,0.0001206142896
08-Oct-2018,0.0001230986326
09-Oct-2018,0.0001224910738
10-Oct-2018,0.0001131400035
11-Oct-2018,0.0001127989837
12-Oct-2018,0.0001094966538
13-Oct-2018,0.0001207241737
14-Oct-2018,0.0001208009145
15-Oct-2018,0.0001269592514
16-Oct-2018,0.0001140750033
17-Oct-2018,0.0001258688762
18-Oct-2018,0.0001261125252
19-Oct-2018,0.0001233927148
20-Oct-2018,0.0001267556554
21-Oct-2018,0.0001229863882
22-Oct-2018,0.0001169703638
23-Oct-2018,0.0001170320358
24-Oct-2018,0.0001122020783
25-Oct-2018,0.0001011755955
26-Oct-2018,0.0001037895436
27-Oct-2018,0.0001010090519
28-Oct-2018,0.0001062755199
29-Oct-2018,9.92E-05
30-Oct-2018,0.0001065890174
31-Oct-2018,0.0001073492314
01-Nov-2018,0.0001166475408
02-Nov-2018,0.0001079606301
03-Nov-2018,0.0001044499487
04-Nov-2018,9.83E-05
05-Nov-2018,9.77E-05
06-Nov-2018,8.87E-05
07-Nov-2018,9.23E-05
08-Nov-2018,8.32E-05
09-Nov-2018,8.23E-05
10-Nov-2018,8.57E-05
11-Nov-2018,8.39E-05
12-Nov-2018,8.26E-05
13-Nov-2018,9.08E-05
14-Nov-2018,9.23E-05
15-Nov-2018,0.0001011127882
16-Nov-2018,0.0001092149736
17-Nov-2018,0.0001129679825
18-Nov-2018,0.0001086288065
19-Nov-2018,9.83E-05
20-Nov-2018,8.82E-05
21-Nov-2018,8.33E-05
22-Nov-2018,8.33E-05
23-Nov-2018,8.05E-05
24-Nov-2018,8.79E-05
25-Nov-2018,9.71E-05
26-Nov-2018,9.88E-05
27-Nov-2018,0.0001004359078
28-Nov-2018,9.36E-05
29-Nov-2018,9.17E-05
30-Nov-2018,9.37E-05
01-Dec-2018,8.89E-05
02-Dec-2018,7.28E-05
03-Dec-2018,6.81E-05
04-Dec-2018,6.38E-05
05-Dec-2018,6.50E-05
06-Dec-2018,6.48E-05
07-Dec-2018,5.75E-05
08-Dec-2018,5.11E-05
09-Dec-2018,5.69E-05
10-Dec-2018,4.51E-05
11-Dec-2018,4.47E-05
12-Dec-2018,4.42E-05
13-Dec-2018,4.91E-05
14-Dec-2018,5.26E-05
15-Dec-2018,5.04E-05
16-Dec-2018,4.54E-05
17-Dec-2018,3.98E-05
18-Dec-2018,3.15E-05
19-Dec-2018,2.72E-05
20-Dec-2018,2.80E-05
21-Dec-2018,3.33E-05
22-Dec-2018,3.27E-05
23-Dec-2018,4.61E-05
24-Dec-2018,5.61E-05
25-Dec-2018,4.94E-05
26-Dec-2018,5.42E-05
27-Dec-2018,6.32E-05
28-Dec-2018,7.08E-05
29-Dec-2018,5.96E-05
30-Dec-2018,6.17E-05
31-Dec-2018,5.89E-05
01-Jan-2019,5.68E-05
02-Jan-2019,6.40E-05
03-Jan-2019,6.16E-05
04-Jan-2019,0.0006880240757
05-Jan-2019,7.39E-05
06-Jan-2019,7.87E-05
07-Jan-2019,6.16E-05
08-Jan-2019,5.40E-05
09-Jan-2019,5.40E-05
10-Jan-2019,5.65E-05
11-Jan-2019,5.09E-05
12-Jan-2019,5.34E-05
13-Jan-2019,4.76E-05
14-Jan-2019,4.58E-05
15-Jan-2019,3.79E-05
16-Jan-2019,3.55E-05
17-Jan-2019,3.48E-05
18-Jan-2019,3.77E-05
19-Jan-2019,4.47E-05
20-Jan-2019,5.85E-05
21-Jan-2019,8.22E-05
22-Jan-2019,8.65E-05
23-Jan-2019,9.03E-05
24-Jan-2019,9.88E-05
25-Jan-2019,0.0001037334801
26-Jan-2019,0.0001041935729
27-Jan-2019,9.58E-05
28-Jan-2019,9.58E-05
29-Jan-2019,8.31E-05
30-Jan-2019,8.31E-05
31-Jan-2019,6.32E-05
01-Feb-2019,5.60E-05
02-Feb-2019,5.07E-05
03-Feb-2019,5.96E-05
04-Feb-2019,6.84E-05
05-Feb-2019,7.00E-05
06-Feb-2019,7.58E-05
07-Feb-2019,8.10E-05
08-Feb-2019,7.37E-05
09-Feb-2019,7.18E-05
10-Feb-2019,6.70E-05
11-Feb-2019,6.24E-05
12-Feb-2019,6.56E-05
13-Feb-2019,7.49E-05
14-Feb-2019,8.71E-05
15-Feb-2019,9.13E-05
16-Feb-2019,8.79E-05
17-Feb-2019,9.69E-05
18-Feb-2019,0.0001046438324
19-Feb-2019,0.0001146304009
20-Feb-2019,0.0001111030435
21-Feb-2019,0.0001077062768
22-Feb-2019,9.96E-05
23-Feb-2019,9.25E-05
24-Feb-2019,8.12E-05
25-Feb-2019,7.43E-05
26-Feb-2019,6.77E-05
27-Feb-2019,5.28E-05
28-Feb-2019,4.68E-05
01-Mar-2019,4.64E-05
02-Mar-2019,5.27E-05
03-Mar-2019,5.38E-05
04-Mar-2019,5.76E-05
05-Mar-2019,6.98E-05
06-Mar-2019,7.09E-05
07-Mar-2019,7.61E-05
08-Mar-2019,7.28E-05
09-Mar-2019,6.73E-05
10-Mar-2019,6.73E-05
11-Mar-2019,5.27E-05
12-Mar-2019,5.27E-05
13-Mar-2019,6.62E-05
14-Mar-2019,6.63E-05
15-Mar-2019,6.86E-05
16-Mar-2019,7.51E-05
17-Mar-2019,8.15E-05
18-Mar-2019,8.99E-05
19-Mar-2019,0.0001007802323
20-Mar-2019,0.0001077708359
21-Mar-2019,0.0001221632694
22-Mar-2019,0.000121161081
23-Mar-2019,0.0001144373624
24-Mar-2019,9.10E-05
25-Mar-2019,6.05E-05
26-Mar-2019,4.73E-05
27-Mar-2019,3.97E-05
28-Mar-2019,4.75E-05
29-Mar-2019,4.71E-05
30-Mar-2019,4.73E-05
31-Mar-2019,5.34E-05
01-Apr-2019,6.15E-05
02-Apr-2019,6.82E-05
03-Apr-2019,6.81E-05
04-Apr-2019,6.69E-05
05-Apr-2019,6.00E-05
06-Apr-2019,5.57E-05
07-Apr-2019,8.18E-05
08-Apr-2019,9.05E-05
09-Apr-2019,0.0001648343128
10-Apr-2019,0.0001396582755
11-Apr-2019,0.0001631514512
12-Apr-2019,0.0001798391949
13-Apr-2019,0.0001961284175
14-Apr-2019,0.0001886476976
15-Apr-2019,0.0001907011396
16-Apr-2019,0.0001854655112
17-Apr-2019,0.0001703711817
18-Apr-2019,0.0001679091526
19-Apr-2019,0.0001532097394
20-Apr-2019,0.0001035629445
21-Apr-2019,6.52E-05
22-Apr-2019,5.21E-05
23-Apr-2019,4.30E-05
24-Apr-2019,5.14E-05
25-Apr-2019,5.39E-05
26-Apr-2019,5.74E-05
27-Apr-2019,6.31E-05
28-Apr-2019,6.56E-05
29-Apr-2019,6.87E-05
30-Apr-2019,7.14E-05
01-May-2019,7.14E-05
02-May-2019,7.14E-05
03-May-2019,8.71E-05
04-May-2019,0.0001179549655
05-May-2019,0.0001479373073
06-May-2019,0.0001252706345
07-May-2019,0.0001372150772
08-May-2019,0.0001863702126
09-May-2019,0.0001975212599
10-May-2019,0.0002054555303
11-May-2019,0.0001963884215
12-May-2019,0.0002020362113
13-May-2019,0.0001922321961
14-May-2019,0.0001743351618
15-May-2019,0.0001633820227
16-May-2019,0.0001633820227
17-May-2019,0.0001100905843
18-May-2019,8.39E-05
19-May-2019,6.65E-05
20-May-2019,5.87E-05
21-May-2019,5.46E-05
22-May-2019,5.84E-05
23-May-2019,5.92E-05
24-May-2019,6.33E-05
25-May-2019,6.97E-05
26-May-2019,6.75E-05
27-May-2019,8.06E-05
28-May-2019,7.61E-05
29-May-2019,7.63E-05
30-May-2019,0.0001602239241
31-May-2019,0.0001154211099
01-Jun-2019,0.0001496026939
02-Jun-2019,0.0001497487489
03-Jun-2019,0.0001672446046
04-Jun-2019,0.0001723157203
05-Jun-2019,0.0001919031234
06-Jun-2019,0.000203541549
07-Jun-2019,0.0002167149467
08-Jun-2019,0.000207574136
09-Jun-2019,0.0002090570141
10-Jun-2019,0.0001872496323
11-Jun-2019,0.0001679325482
12-Jun-2019,0.0001416257342
13-Jun-2019,0.0001025492504
14-Jun-2019,9.28E-05
15-Jun-2019,8.38E-05
16-Jun-2019,7.92E-05
17-Jun-2019,7.59E-05
18-Jun-2019,7.04E-05
19-Jun-2019,8.66E-05
20-Jun-2019,8.70E-05
21-Jun-2019,0.0001052354761
22-Jun-2019,0.0001016534618
23-Jun-2019,0.0001019878641
24-Jun-2019,0.0001020937006
25-Jun-2019,9.27E-05
26-Jun-2019,0.0001102155763
27-Jun-2019,0.00011736397
28-Jun-2019,0.0001185057078
29-Jun-2019,0.0001362667478
30-Jun-2019,0.0001504938151
01-Jul-2019,0.000156699255
02-Jul-2019,0.0001748917589
03-Jul-2019,0.0001823370834
04-Jul-2019,0.0001774294542
05-Jul-2019,0.0001843570351
06-Jul-2019,0.0001644577148
07-Jul-2019,0.0001537311291
08-Jul-2019,0.0001413836569
09-Jul-2019,0.0001318308935
10-Jul-2019,0.0001076374172
11-Jul-2019,0.0001059684161
12-Jul-2019,0.0001024476849
13-Jul-2019,9.64E-05
14-Jul-2019,9.64E-05
15-Jul-2019,9.64E-05
16-Jul-2019,0.0001017457407
17-Jul-2019,9.80E-05
18-Jul-2019,0.000102136961
19-Jul-2019,0.0001011782991
20-Jul-2019,0.0001065147062
21-Jul-2019,0.0001103743666
22-Jul-2019,0.0001074684047
23-Jul-2019,0.0001211372593
24-Jul-2019,0.0001377002215
25-Jul-2019,0.0001223706502
26-Jul-2019,0.0001247514137
27-Jul-2019,0.0001314090503
28-Jul-2019,0.000146196026
29-Jul-2019,0.0001460196296
30-Jul-2019,0.0001476564786
31-Jul-2019,0.000150191589
01-Aug-2019,0.0001556474812
02-Aug-2019,0.0001475772616
03-Aug-2019,0.0001328866709
04-Aug-2019,0.0001288502113
05-Aug-2019,0.0001263658426
06-Aug-2019,0.0001084825903
07-Aug-2019,0.0001038256273
08-Aug-2019,9.68E-05
09-Aug-2019,0.000103928057
10-Aug-2019,0.000103928057
11-Aug-2019,0.0001057496996
12-Aug-2019,0.0001022155521
13-Aug-2019,0.0001001196993
14-Aug-2019,0.0001124207989
15-Aug-2019,0.0001140138918
16-Aug-2019,0.0001146015457
17-Aug-2019,0.0001247297825
18-Aug-2019,0.0001254268736
19-Aug-2019,0.0001207125051
20-Aug-2019,0.0001151278862
21-Aug-2019,0.0001129575628
22-Aug-2019,0.0001178832286
23-Aug-2019,0.000122656414
24-Aug-2019,0.0001184035827
25-Aug-2019,0.0001178150711
26-Aug-2019,0.0001322131644
27-Aug-2019,0.0001246738051
28-Aug-2019,0.0001267772258
29-Aug-2019,0.0001280447717
30-Aug-2019,0.0001257927842
31-Aug-2019,0.0001227635707
01-Sep-2019,0.0001192266526
02-Sep-2019,0.0001146254719
03-Sep-2019,0.000110839445
04-Sep-2019,0.0001046335943
05-Sep-2019,0.0001015316655
06-Sep-2019,0.0001039060405
07-Sep-2019,0.0001072582705
08-Sep-2019,0.0001078820844
09-Sep-2019,0.0001126403663
10-Sep-2019,0.0001132151436
11-Sep-2019,0.0001247489986
12-Sep-2019,0.0001102174298
13-Sep-2019,0.0001218489694
14-Sep-2019,0.0001132523231
15-Sep-2019,0.0001133250842
16-Sep-2019,0.0001070044526
17-Sep-2019,0.0001100104805
18-Sep-2019,0.0001104766265
19-Sep-2019,0.0001082845321
20-Sep-2019,0.0001122252219
21-Sep-2019,0.0001159122233
22-Sep-2019,0.0001142919013
23-Sep-2019,0.0001180084471
24-Sep-2019,0.0001215774419
25-Sep-2019,0.0001315376002
26-Sep-2019,0.0001219283534
27-Sep-2019,0.0001217920413
28-Sep-2019,0.000119752327
29-Sep-2019,0.0001120252963
30-Sep-2019,9.89E-05
01-Oct-2019,9.24E-05
02-Oct-2019,0.0001036071864
03-Oct-2019,9.78E-05
04-Oct-2019,0.0001017920793
05-Oct-2019,0.0001016081662
06-Oct-2019,0.0001097178851
07-Oct-2019,0.0001074754426
08-Oct-2019,0.000107936586
09-Oct-2019,0.0001118043255
10-Oct-2019,0.0001191286971
11-Oct-2019,0.0001189078389
12-Oct-2019,0.0001101456502
13-Oct-2019,0.0001056133612
14-Oct-2019,0.0001038354631
15-Oct-2019,0.0001074812078
16-Oct-2019,0.0001036558455
17-Oct-2019,0.0001071291509
18-Oct-2019,0.0001083044552
19-Oct-2019,0.0001142722836
20-Oct-2019,0.0001169958189
21-Oct-2019,0.0001163382615
22-Oct-2019,0.0001203616217
23-Oct-2019,0.0001153642267
24-Oct-2019,0.0001243212079
25-Oct-2019,0.0001081970451
26-Oct-2019,0.0001108060691
27-Oct-2019,0.0001004942662
28-Oct-2019,9.91E-05
29-Oct-2019,9.95E-05
30-Oct-2019,9.65E-05
31-Oct-2019,0.0001028643737
01-Nov-2019,0.0001073631638
02-Nov-2019,0.0001102004966
03-Nov-2019,0.0001047578519
04-Nov-2019,0.0001146581823
05-Nov-2019,0.0001113195757
06-Nov-2019,0.0001118016673
07-Nov-2019,0.0001152303139
08-Nov-2019,0.0001055749891
09-Nov-2019,0.0001071050682
10-Nov-2019,0.0001015008789
11-Nov-2019,9.40E-05
12-Nov-2019,9.33E-05
13-Nov-2019,9.66E-05
14-Nov-2019,0.0001009553995
15-Nov-2019,9.93E-05
16-Nov-2019,0.0001089492167
17-Nov-2019,0.0001121323937
18-Nov-2019,0.0001091239022
19-Nov-2019,0.0001087472292
20-Nov-2019,0.0001198243529
21-Nov-2019,0.0001162102049
22-Nov-2019,0.0001050007525
23-Nov-2019,9.62E-05
24-Nov-2019,9.55E-05
25-Nov-2019,8.41E-05
26-Nov-2019,8.95E-05
27-Nov-2019,9.02E-05
28-Nov-2019,9.21E-05
29-Nov-2019,9.45E-05
30-Nov-2019,9.20E-05
01-Dec-2019,0.0001059313914
02-Dec-2019,0.0001016477511
03-Dec-2019,0.0001086326023
04-Dec-2019,0.0001037448469
05-Dec-2019,9.63E-05
06-Dec-2019,8.78E-05
07-Dec-2019,8.78E-05
08-Dec-2019,7.95E-05
09-Dec-2019,8.09E-05
10-Dec-2019,8.53E-05
11-Dec-2019,8.24E-05
12-Dec-2019,7.89E-05
13-Dec-2019,8.59E-05
14-Dec-2019,8.96E-05
15-Dec-2019,9.51E-05
16-Dec-2019,9.02E-05
17-Dec-2019,9.33E-05
18-Dec-2019,9.33E-05
19-Dec-2019,8.36E-05
20-Dec-2019,7.64E-05
21-Dec-2019,7.90E-05
22-Dec-2019,7.33E-05
23-Dec-2019,6.67E-05
24-Dec-2019,7.09E-05
25-Dec-2019,7.17E-05
26-Dec-2019,7.43E-05
27-Dec-2019,7.87E-05
28-Dec-2019,8.14E-05
29-Dec-2019,8.81E-05
30-Dec-2019,8.46E-05
31-Dec-2019,8.34E-05
01-Jan-2020,8.41E-05
02-Jan-2020,7.24E-05
03-Jan-2020,7.70E-05
04-Jan-2020,7.73E-05
05-Jan-2020,7.17E-05
06-Jan-2020,7.38E-05
07-Jan-2020,7.03E-05
08-Jan-2020,7.74E-05
09-Jan-2020,9.32E-05
10-Jan-2020,9.34E-05
11-Jan-2020,1.00E-04
12-Jan-2020,9.62E-05
13-Jan-2020,9.62E-05
14-Jan-2020,9.62E-05
15-Jan-2020,8.60E-05
16-Jan-2020,7.62E-05
17-Jan-2020,7.31E-05
18-Jan-2020,6.35E-05
19-Jan-2020,6.06E-05
20-Jan-2020,5.69E-05
21-Jan-2020,5.56E-05
22-Jan-2020,5.23E-05
23-Jan-2020,6.23E-05
24-Jan-2020,6.30E-05
25-Jan-2020,6.83E-05
26-Jan-2020,9.16E-05
27-Jan-2020,8.91E-05
28-Jan-2020,9.76E-05
29-Jan-2020,9.62E-05
30-Jan-2020,8.66E-05
31-Jan-2020,7.66E-05
01-Feb-2020,7.36E-05
02-Feb-2020,7.77E-05
03-Feb-2020,7.33E-05
04-Feb-2020,6.45E-05
05-Feb-2020,6.62E-05
06-Feb-2020,7.11E-05
07-Feb-2020,7.40E-05
08-Feb-2020,7.21E-05
09-Feb-2020,7.65E-05
10-Feb-2020,7.78E-05
11-Feb-2020,7.14E-05
12-Feb-2020,7.15E-05
13-Feb-2020,6.69E-05
14-Feb-2020,5.92E-05
15-Feb-2020,5.86E-05
16-Feb-2020,5.85E-05
17-Feb-2020,6.09E-05
18-Feb-2020,6.09E-05
19-Feb-2020,5.39E-05
20-Feb-2020,5.39E-05
21-Feb-2020,6.63E-05
22-Feb-2020,6.40E-05
23-Feb-2020,7.71E-05
24-Feb-2020,7.81E-05
25-Feb-2020,7.70E-05
26-Feb-2020,7.16E-05
27-Feb-2020,6.49E-05
28-Feb-2020,5.60E-05
29-Feb-2020,5.67E-05
01-Mar-2020,5.70E-05
02-Mar-2020,6.73E-05
03-Mar-2020,7.41E-05
04-Mar-2020,7.16E-05
05-Mar-2020,7.62E-05
06-Mar-2020,8.43E-05
07-Mar-2020,8.49E-05
08-Mar-2020,8.13E-05
09-Mar-2020,7.54E-05
10-Mar-2020,7.11E-05
11-Mar-2020,7.06E-05
12-Mar-2020,7.04E-05
13-Mar-2020,6.45E-05
14-Mar-2020,6.43E-05
15-Mar-2020,6.49E-05
16-Mar-2020,6.00E-05
17-Mar-2020,6.77E-05
18-Mar-2020,7.49E-05
19-Mar-2020,7.72E-05
20-Mar-2020,7.92E-05
21-Mar-2020,7.96E-05
22-Mar-2020,7.53E-05
23-Mar-2020,7.15E-05
24-Mar-2020,8.18E-05
25-Mar-2020,7.78E-05
26-Mar-2020,7.78E-05
27-Mar-2020,7.78E-05
28-Mar-2020,5.82E-05
29-Mar-2020,6.21E-05
30-Mar-2020,6.78E-05
31-Mar-2020,6.44E-05
01-Apr-2020,7.56E-05
02-Apr-2020,9.17E-05
03-Apr-2020,9.41E-05
04-Apr-2020,9.64E-05
05-Apr-2020,9.99E-05
06-Apr-2020,9.58E-05
07-Apr-2020,8.81E-05
08-Apr-2020,7.92E-05
09-Apr-2020,7.64E-05
10-Apr-2020,6.80E-05
11-Apr-2020,7.12E-05
12-Apr-2020,6.83E-05
13-Apr-2020,6.83E-05
14-Apr-2020,7.19E-05
15-Apr-2020,7.19E-05
16-Apr-2020,8.13E-05
17-Apr-2020,8.75E-05
18-Apr-2020,9.37E-05
19-Apr-2020,8.70E-05
20-Apr-2020,8.27E-05
21-Apr-2020,8.16E-05
22-Apr-2020,7.55E-05
23-Apr-2020,7.09E-05
24-Apr-2020,6.95E-05
25-Apr-2020,7.13E-05
26-Apr-2020,8.09E-05
27-Apr-2020,8.56E-05
28-Apr-2020,9.00E-05
29-Apr-2020,9.68E-05
30-Apr-2020,0.0001027514311
01-May-2020,0.0001045245679
02-May-2020,0.0001068877091
03-May-2020,0.0001028164468
04-May-2020,9.68E-05
05-May-2020,8.68E-05
06-May-2020,8.23E-05
07-May-2020,8.40E-05
08-May-2020,7.32E-05
09-May-2020,7.02E-05
10-May-2020,6.86E-05
11-May-2020,7.81E-05
12-May-2020,7.70E-05
13-May-2020,8.21E-05
14-May-2020,8.83E-05
15-May-2020,9.12E-05
16-May-2020,8.89E-05
17-May-2020,8.81E-05
18-May-2020,7.61E-05
19-May-2020,9.03E-05
20-May-2020,8.80E-05
21-May-2020,8.88E-05
22-May-2020,9.92E-05
23-May-2020,9.87E-05
24-May-2020,0.0001002235871
25-May-2020,0.0001124417437
26-May-2020,0.0001083680047
27-May-2020,0.0001033888499
28-May-2020,0.0001152441213
29-May-2020,0.0001147399099
30-May-2020,0.0001122592342
31-May-2020,0.0001010679423
01-Jun-2020,0.0001070363571
02-Jun-2020,0.0001064762332
03-Jun-2020,0.0001081518537
04-Jun-2020,0.0001149960187
05-Jun-2020,0.0001255353104
06-Jun-2020,0.0001359686677
07-Jun-2020,0.0001463319415
08-Jun-2020,0.0001494857676
09-Jun-2020,0.0001459039583
10-Jun-2020,0.0001484463719
11-Jun-2020,0.0001504566768
12-Jun-2020,0.0001402151761
13-Jun-2020,0.0001217993902
14-Jun-2020,0.0001239091857
15-Jun-2020,0.0001252873614
16-Jun-2020,0.0001144312179
17-Jun-2020,0.0001065665347
18-Jun-2020,0.0001042332336
19-Jun-2020,0.0001071564691
20-Jun-2020,0.0001135535188
21-Jun-2020,0.0001131380742
22-Jun-2020,0.0001117980826
23-Jun-2020,0.0001089272153
24-Jun-2020,0.0001142371037
25-Jun-2020,0.0001190224614
26-Jun-2020,0.0001256044542
27-Jun-2020,0.0001223195137
28-Jun-2020,0.000113740158
29-Jun-2020,0.0001109578284
30-Jun-2020,0.0001143000731
01-Jul-2020,0.0001160279905
02-Jul-2020,0.0001181781572
03-Jul-2020,0.0001206047085
04-Jul-2020,0.0001265093648
05-Jul-2020,0.0001326020978
06-Jul-2020,0.0001312522862
07-Jul-2020,0.0001369742729
08-Jul-2020,0.0001390029472
09-Jul-2020,0.0001408849252
10-Jul-2020,0.0001403678118
11-Jul-2020,0.0001270288116
12-Jul-2020,0.0001186981462
13-Jul-2020,0.0001075020946
14-Jul-2020,0.0001050445998
15-Jul-2020,0.0001061431548
16-Jul-2020,0.0001124059373
17-Jul-2020,0.0001184881309
18-Jul-2020,0.0001187081592
19-Jul-2020,0.0001185309859
20-Jul-2020,0.000123620136
21-Jul-2020,0.000125042762
22-Jul-2020,0.0001211019218
23-Jul-2020,0.0001272277575
24-Jul-2020,0.0001312540778
25-Jul-2020,0.0001249976453
26-Jul-2020,0.0001249976453
27-Jul-2020,0.0001249976453
28-Jul-2020,0.0001183368703
29-Jul-2020,0.0001183368703
30-Jul-2020,0.0001590320253
31-Jul-2020,0.0001700950625
01-Aug-2020,0.0002006379539
02-Aug-2020,0.0002092942798
03-Aug-2020,0.0002177194945
04-Aug-2020,0.0002150977349
05-Aug-2020,0.0002311635193
06-Aug-2020,0.0002313762556
07-Aug-2020,0.0002240684494
08-Aug-2020,0.0002097117853
09-Aug-2020,0.0001987425364
10-Aug-2020,0.000177782451
11-Aug-2020,0.0001619735129
12-Aug-2020,0.0001400130953
13-Aug-2020,0.0001252651509
14-Aug-2020,0.0001418696905
15-Aug-2020,0.0001460210999
16-Aug-2020,0.00014415312
17-Aug-2020,0.0001516548781
18-Aug-2020,0.0001531026461
19-Aug-2020,0.0001487986465
20-Aug-2020,0.0001476552989
21-Aug-2020,0.0001485198332
22-Aug-2020,0.0001386968217
23-Aug-2020,0.0001302925741
24-Aug-2020,0.0001530111645
25-Aug-2020,0.0001612715709
26-Aug-2020,0.0001674807012
27-Aug-2020,0.0001751167649
28-Aug-2020,0.0001760505478
29-Aug-2020,0.0001862512637
30-Aug-2020,0.0002002867802
31-Aug-2020,0.0002155770537
01-Sep-2020,0.0002146697445
02-Sep-2020,0.0001999309597
03-Sep-2020,0.0001910235268
04-Sep-2020,0.0001845210678
05-Sep-2020,0.0001704011615
06-Sep-2020,0.0001532247788
07-Sep-2020,0.0001430194224
08-Sep-2020,0.0001303903724
09-Sep-2020,0.0002496126297
10-Sep-2020,0.0001237866269
11-Sep-2020,0.0001238590801
12-Sep-2020,0.0001290631709
13-Sep-2020,0.0001357299654
14-Sep-2020,0.0001429952696
15-Sep-2020,0.0001364047697
16-Sep-2020,0.0001355041585
17-Sep-2020,0.0001341109515
18-Sep-2020,0.0001387372078
19-Sep-2020,0.0001272249466
20-Sep-2020,0.0001208985639
21-Sep-2020,0.0001247738482
22-Sep-2020,0.0001366982486
23-Sep-2020,0.0001427191987
24-Sep-2020,0.0001728844555
25-Sep-2020,0.0001807909728
26-Sep-2020,0.0001918741825
27-Sep-2020,0.0002026686119
28-Sep-2020,0.0002032485138
29-Sep-2020,0.0001992858942
30-Sep-2020,0.0001893392785
01-Oct-2020,0.0001823338703
02-Oct-2020,0.0001707578652
03-Oct-2020,0.0001631094279
04-Oct-2020,0.0001555177391
05-Oct-2020,0.0001391941677
06-Oct-2020,0.0001230308611
07-Oct-2020,0.0001197997735
08-Oct-2020,0.0001275882409
09-Oct-2020,0.0001323076162
10-Oct-2020,0.0001353132499
11-Oct-2020,0.0001370886571
12-Oct-2020,0.0001411502837
13-Oct-2020,0.0001366438469
14-Oct-2020,0.0001333161906
15-Oct-2020,0.0001292809497
16-Oct-2020,0.0001360822062
17-Oct-2020,0.000135356294
18-Oct-2020,0.0001389766932
19-Oct-2020,0.0001587234505
20-Oct-2020,0.0001702276175
21-Oct-2020,0.0001738300629
22-Oct-2020,0.000168582102
23-Oct-2020,0.0001839794188
24-Oct-2020,0.000194346594
25-Oct-2020,0.0001933131634
26-Oct-2020,0.0002115551164
27-Oct-2020,0.0002054896249
28-Oct-2020,0.0002022819383
29-Oct-2020,0.0001860644429
30-Oct-2020,0.0001766541817
31-Oct-2020,0.0001706864977
01-Nov-2020,0.0001498779535
02-Nov-2020,0.0001366653378
03-Nov-2020,0.0001296091085
04-Nov-2020,0.0001253794137
05-Nov-2020,0.000163622761
06-Nov-2020,0.0001831606048
07-Nov-2020,0.0001961914798
08-Nov-2020,0.0002083600591
09-Nov-2020,0.0002090367535
10-Nov-2020,0.0002011789823
11-Nov-2020,0.0001816417936
12-Nov-2020,0.0001708370215
13-Nov-2020,0.0001789021415
14-Nov-2020,0.0001789021415
15-Nov-2020,0.0001789021415
16-Nov-2020,0.0001789021415
17-Nov-2020,0.0001789021415
18-Nov-2020,0.0001762693656
19-Nov-2020,0.000174875131
20-Nov-2020,0.0001839631943
21-Nov-2020,0.0001872490313
22-Nov-2020,0.0001947607267
23-Nov-2020,0.000187690506
24-Nov-2020,0.0001969326181
25-Nov-2020,0.0002608634744
26-Nov-2020,0.0002889116295
27-Nov-2020,0.0003023824558
28-Nov-2020,0.0003051889668
29-Nov-2020,0.0003473273196
30-Nov-2020,0.0003794375692
01-Dec-2020,0.0003688791804
02-Dec-2020,0.0003500586221
03-Dec-2020,0.000336996365
04-Dec-2020,0.0003381611745
05-Dec-2020,0.0003356035337
06-Dec-2020,0.0002978846063
07-Dec-2020,0.0002621557081
08-Dec-2020,0.000232364457
09-Dec-2020,0.0002210797892
10-Dec-2020,0.0001985757809
11-Dec-2020,0.0001707635477
12-Dec-2020,0.0001598708073
13-Dec-2020,0.0001544637433
14-Dec-2020,0.0001639129992
15-Dec-2020,0.0001556340738
16-Dec-2020,0.0001565740077
17-Dec-2020,0.0001627005372
18-Dec-2020,0.0001654624007
19-Dec-2020,0.0001926217242
20-Dec-2020,0.0002343103073
21-Dec-2020,0.0002587019634
22-Dec-2020,0.0002604836065
23-Dec-2020,0.0002508686976
24-Dec-2020,0.0002583745777
25-Dec-2020,0.0002723793532
26-Dec-2020,0.0002820414118
27-Dec-2020,0.0002887193167
28-Dec-2020,0.0002918049096
29-Dec-2020,0.0002882073095
30-Dec-2020,0.0006778659622
31-Dec-2020,0.0003677020216
01-Jan-2021,0.000359047018
02-Jan-2021,0.0002982105932
03-Jan-2021,0.0002328108095
04-Jan-2021,0.0002059840775
05-Jan-2021,0.0001747565765
06-Jan-2021,0.0001523453332
07-Jan-2021,0.0001445516318
08-Jan-2021,0.0001357410812
09-Jan-2021,0.0001364884976
10-Jan-2021,0.0001248252331
11-Jan-2021,0.0001250869958
12-Jan-2021,0.0001209394609
13-Jan-2021,0.0001300865486
14-Jan-2021,0.0001366188807
15-Jan-2021,0.0001912188638
16-Jan-2021,0.0002531122813
17-Jan-2021,0.0002686438593
18-Jan-2021,0.0002044557199
19-Jan-2021,0.0001876558593
20-Jan-2021,0.0002020384452
21-Jan-2021,0.000210058048
22-Jan-2021,0.000213515268
23-Jan-2021,0.0002158466505
24-Jan-2021,0.0002169907861
25-Jan-2021,0.0002304590299
26-Jan-2021,0.0002252716592
27-Jan-2021,0.0002072399021
28-Jan-2021,0.0001960883354
29-Jan-2021,0.0001969938668
30-Jan-2021,0.0001848614559
31-Jan-2021,0.0001642026317
01-Feb-2021,0.0001429155359
02-Feb-2021,0.000125350354
03-Feb-2021,0.0001136159113
04-Feb-2021,0.000109289183
05-Feb-2021,0.0001034886371
06-Feb-2021,9.87E-05
07-Feb-2021,9.60E-05
08-Feb-2021,0.0001008350003
09-Feb-2021,0.0001058295662
10-Feb-2021,0.0001141443335
11-Feb-2021,0.0001188574793
12-Feb-2021,0.0001330817881
13-Feb-2021,0.0001412167832
14-Feb-2021,0.0001438577267
15-Feb-2021,0.0001505455448
16-Feb-2021,0.0001491638926
17-Feb-2021,0.0001489048747
18-Feb-2021,0.0001489793297
19-Feb-2021,0.0001602192978
20-Feb-2021,0.0001641346745
21-Feb-2021,0.0001675840109
22-Feb-2021,0.0001715534108
23-Feb-2021,0.0001830413493
24-Feb-2021,0.0001877012129
25-Feb-2021,0.0001874057291
26-Feb-2021,0.0001869580078
27-Feb-2021,0.0001756655979
28-Feb-2021,0.0001685823495
01-Mar-2021,0.000135532565
02-Mar-2021,0.0001243595186
03-Mar-2021,0.0001211338465
04-Mar-2021,0.0001133356099
05-Mar-2021,0.0001110502948
06-Mar-2021,0.0001150778295
07-Mar-2021,0.0001161964641
08-Mar-2021,0.000120586613
09-Mar-2021,0.0001229558206
10-Mar-2021,0.0001218020588
11-Mar-2021,0.00013782932
12-Mar-2021,0.000146746189
13-Mar-2021,0.0001496969385
14-Mar-2021,0.0001482760593
15-Mar-2021,0.0001620450427
16-Mar-2021,0.0001638102499
17-Mar-2021,0.0001634311458
18-Mar-2021,0.0001651062477
19-Mar-2021,0.0001761260366
20-Mar-2021,0.0001637770886
21-Mar-2021,0.0001648864115
22-Mar-2021,0.000161446096
23-Mar-2021,0.0001715551249
24-Mar-2021,0.0001936822372
25-Mar-2021,0.0001927508252
26-Mar-2021,0.0001858297181
27-Mar-2021,0.0001684412229
28-Mar-2021,0.0001598133391
29-Mar-2021,0.0001345289489
30-Mar-2021,0.0001295688343
31-Mar-2021,0.0001216340909
01-Apr-2021,0.0001188016843
02-Apr-2021,0.0001108941628
03-Apr-2021,0.0001089004405
04-Apr-2021,0.0001152973684
05-Apr-2021,0.0001171472333
06-Apr-2021,0.0001102043014
07-Apr-2021,0.0001161608065
08-Apr-2021,0.0001129432696
09-Apr-2021,0.000123790463
10-Apr-2021,0.0001190374596
11-Apr-2021,0.0001187827731
12-Apr-2021,0.0001201476869
13-Apr-2021,0.0001286681831
14-Apr-2021,0.000128000506
15-Apr-2021,0.0001277422799
16-Apr-2021,0.0001334800659
17-Apr-2021,0.0001434813783
18-Apr-2021,0.0001451739547
19-Apr-2021,0.0001586075673
20-Apr-2021,0.0001620776017
21-Apr-2021,0.0001631645926
22-Apr-2021,0.0001675601562
23-Apr-2021,0.000156550341
24-Apr-2021,0.000157805099
25-Apr-2021,0.0001410822614
26-Apr-2021,0.0001362629342
27-Apr-2021,0.0001421587285
28-Apr-2021,0.0001244691089
29-Apr-2021,0.0001107920355
30-Apr-2021,0.0001093251661
01-May-2021,0.0001017651004
02-May-2021,9.96E-05
03-May-2021,9.21E-05
04-May-2021,9.28E-05
05-May-2021,0.0001059138336
06-May-2021,0.0001056528522
07-May-2021,0.0001098360031
08-May-2021,0.0001144875398
09-May-2021,0.000127928526
10-May-2021,0.0001413991104
11-May-2021,0.0001503595919
12-May-2021,0.0001563661361
13-May-2021,0.0001573621493
14-May-2021,0.0001610341428
15-May-2021,0.0001565912679
16-May-2021,0.0001543269827
17-May-2021,0.0001511028365
18-May-2021,0.000153447545
19-May-2021,0.0001427539624
20-May-2021,0.0001637945957
21-May-2021,0.0001739841684
22-May-2021,0.0001761614996
23-May-2021,0.0001721535869
24-May-2021,0.0001830237602
25-May-2021,0.0001807377346
26-May-2021,0.0002307162307
27-May-2021,0.0002178188734
28-May-2021,0.0001991566618
29-May-2021,0.0001693181835
30-May-2021,0.0001460628516
31-May-2021,0.0001338308975
01-Jun-2021,0.0001338308975
02-Jun-2021,0.0001338308975
03-Jun-2021,0.0001535939197
04-Jun-2021,0.0001661375787
05-Jun-2021,0.0001674936101
06-Jun-2021,0.0001634470476
07-Jun-2021,0.0001682987161
08-Jun-2021,0.0001616262752
09-Jun-2021,0.0001538557844
10-Jun-2021,0.0001630116762
11-Jun-2021,0.0001763699048
12-Jun-2021,0.0002184247939
13-Jun-2021,0.0002444538557
14-Jun-2021,0.0002178932869
15-Jun-2021,0.0002306534909
16-Jun-2021,0.0002296855571
17-Jun-2021,0.0002240024224
18-Jun-2021,0.0002261555687
19-Jun-2021,0.0002344464559
20-Jun-2021,0.0002321409754
21-Jun-2021,0.0002231776921
22-Jun-2021,0.0002300886136
23-Jun-2021,0.0002254313835
24-Jun-2021,0.0002398633491
25-Jun-2021,0.0002479805617
26-Jun-2021,0.0002492777218
27-Jun-2021,0.0002618387688
28-Jun-2021,0.0002592732693
29-Jun-2021,0.0002832295878
30-Jun-2021,0.0002962911024
01-Jul-2021,0.0002998813215
02-Jul-2021,0.0002811439382
03-Jul-2021,0.0002667736982
04-Jul-2021,0.0002616915493
05-Jul-2021,0.0002536926574
06-Jul-2021,0.0002298751581
07-Jul-2021,0.0001971567445
08-Jul-2021,0.0001761686389
09-Jul-2021,0.000183824864
10-Jul-2021,0.0002140794509
11-Jul-2021,0.0002112315308
12-Jul-2021,0.00020316461
13-Jul-2021,0.000196382567
14-Jul-2021,0.0002009084396
15-Jul-2021,0.0001892921963
16-Jul-2021,0.0001991907884
17-Jul-2021,0.000192710738
18-Jul-2021,0.0001950423667
19-Jul-2021,0.0002037026888
20-Jul-2021,0.0002265119735
21-Jul-2021,0.0002912557055
22-Jul-2021,0.000316789599
23-Jul-2021,0.0002968393324
24-Jul-2021,0.000282601903
25-Jul-2021,0.0003082952746
26-Jul-2021,0.0003223545662
27-Jul-2021,0.0003223545662
28-Jul-2021,0.0003105672929
29-Jul-2021,0.0002806105245
30-Jul-2021,0.0002715874736
31-Jul-2021,0.0002554406622
01-Aug-2021,0.000245535679
02-Aug-2021,0.0002146841788
03-Aug-2021,0.0001819050365
04-Aug-2021,0.0001653939577
05-Aug-2021,0.0001723963433
06-Aug-2021,0.0001913435719
07-Aug-2021,0.0002113302936
08-Aug-2021,0.0002179496315
09-Aug-2021,0.0002002190701
10-Aug-2021,0.0002108092411
11-Aug-2021,0.0002031165908
12-Aug-2021,0.0002114084899
13-Aug-2021,0.0002107972171
14-Aug-2021,0.0002156830322
15-Aug-2021,0.0002311731693
16-Aug-2021,0.0002350993333
17-Aug-2021,0.0002374260112
18-Aug-2021,0.0002579119927
19-Aug-2021,0.0002789633033
20-Aug-2021,0.0002690311849
21-Aug-2021,0.0002642190189
22-Aug-2021,0.0002615220466
23-Aug-2021,0.0002735516886
24-Aug-2021,0.000277426368
25-Aug-2021,0.0002877838861
26-Aug-2021,0.0002742584137
27-Aug-2021,0.0002627907943
28-Aug-2021,0.0002570430602
29-Aug-2021,0.0002542329948
30-Aug-2021,0.0002361488919
31-Aug-2021,0.0002278673213
01-Sep-2021,0.0002270627284
02-Sep-2021,0.0002535878448
03-Sep-2021,0.0002682951958
04-Sep-2021,0.0002497610897
05-Sep-2021,0.0002570020985
06-Sep-2021,0.0002839582618
07-Sep-2021,0.0002938415593
08-Sep-2021,0.0002845490643
09-Sep-2021,0.0002777106556
10-Sep-2021,0.0002610241045
11-Sep-2021,0.0002503314137
12-Sep-2021,0.0002412815399
13-Sep-2021,0.0002294423305
14-Sep-2021,0.0002579605911
15-Sep-2021,0.0002183442006
16-Sep-2021,0.0002075822562
17-Sep-2021,0.0002035664695
18-Sep-2021,0.0002146050309
19-Sep-2021,0.0002240365301
20-Sep-2021,0.000229382763
21-Sep-2021,0.0002274593103
22-Sep-2021,0.0002386586621
23-Sep-2021,0.0002428789721
24-Sep-2021,0.0002541614231
25-Sep-2021,0.0002502069481
26-Sep-2021,0.0002569391473
27-Sep-2021,0.0002594146373
28-Sep-2021,0.0002542411905
29-Sep-2021,0.0002873165212
30-Sep-2021,0.0003067962252
01-Oct-2021,0.0003086017797
02-Oct-2021,0.0002925748609
03-Oct-2021,0.000284901275
04-Oct-2021,0.0002731995122
05-Oct-2021,0.0002770904784
06-Oct-2021,0.0002769644028
07-Oct-2021,0.0002784109247
08-Oct-2021,0.0002674466118
09-Oct-2021,0.0002651425882
10-Oct-2021,0.0002628958977
11-Oct-2021,0.0002490124458
12-Oct-2021,0.0002315069422
13-Oct-2021,0.0002272392162
14-Oct-2021,0.000225733193
15-Oct-2021,0.0002399796419
16-Oct-2021,0.0002351482592
17-Oct-2021,0.0002343681597
18-Oct-2021,0.0002562155017
19-Oct-2021,0.0002456304113
20-Oct-2021,0.0002348761389
21-Oct-2021,0.0002327635829
22-Oct-2021,0.0002389898454
23-Oct-2021,0.0002314376136
24-Oct-2021,0.0002474639891
25-Oct-2021,0.0002484181733
26-Oct-2021,0.0002609719687
27-Oct-2021,0.0002796619723
28-Oct-2021,0.0002961369263
29-Oct-2021,0.0003047542805
30-Oct-2021,0.0003222608744
31-Oct-2021,0.0003246329914
01-Nov-2021,0.0003083018844
02-Nov-2021,0.0002932013601
03-Nov-2021,0.0002969137438
04-Nov-2021,0.0002834062804
05-Nov-2021,0.0002755290657
06-Nov-2021,0.0002366014971
07-Nov-2021,0.0002416742101
08-Nov-2021,0.0002574500066
09-Nov-2021,0.000247632804
10-Nov-2021,0.000225210355
11-Nov-2021,0.0002242435965
12-Nov-2021,0.0002323761587
13-Nov-2021,0.0002345827914
14-Nov-2021,0.0002204081162
15-Nov-2021,0.0002135800285
16-Nov-2021,0.0002016924937
17-Nov-2021,0.0002150989074
18-Nov-2021,0.0002261564359
19-Nov-2021,0.0002095952892
20-Nov-2021,0.0002108881525
21-Nov-2021,0.0002168610311
22-Nov-2021,0.0002241415254
23-Nov-2021,0.0002459307507
24-Nov-2021,0.000247251102
25-Nov-2021,0.0002374104453
26-Nov-2021,0.0002446216074
27-Nov-2021,0.0002495144265
28-Nov-2021,0.0002505140832
29-Nov-2021,0.0002314208014
30-Nov-2021,0.0002175830581
01-Dec-2021,0.000215048577
02-Dec-2021,0.0002213107344
03-Dec-2021,0.0002254161502
04-Dec-2021,0.000225405942
05-Dec-2021,0.0002073895079
06-Dec-2021,0.0001807913511
07-Dec-2021,0.0001617828276
08-Dec-2021,0.0001557159098
09-Dec-2021,0.0001503263456
10-Dec-2021,0.0001491381792
11-Dec-2021,0.0001337855056
12-Dec-2021,0.0001371363055
13-Dec-2021,0.000136186629
14-Dec-2021,0.0001419836507
15-Dec-2021,0.0001514566351
16-Dec-2021,0.0002043129913
17-Dec-2021,0.0002311806209
18-Dec-2021,0.0002648968766
19-Dec-2021,0.0002724110784
20-Dec-2021,0.0002826763851
21-Dec-2021,0.0003224004851
22-Dec-2021,0.0003267769276
23-Dec-2021,0.0003790190661
24-Dec-2021,0.0004040193931
25-Dec-2021,0.0003954216672
26-Dec-2021,0.0003723061872
27-Dec-2021,0.000360577902
28-Dec-2021,0.0003460746938
29-Dec-2021,0.000335688263
30-Dec-2021,0.0003285726136
31-Dec-2021,0.0002994924505
01-Jan-2022,0.0002725561735
02-Jan-2022,0.0002291512221
03-Jan-2022,0.0001840373015
04-Jan-2022,0.0001629136965
05-Jan-2022,0.000136967486
06-Jan-2022,0.0001520460631
07-Jan-2022,0.0001852731979
08-Jan-2022,0.0002378787917
09-Jan-2022,0.0002712606943
10-Jan-2022,0.0003133916964
11-Jan-2022,0.0002974116299
12-Jan-2022,0.0003240222381
13-Jan-2022,0.0003652097722
14-Jan-2022,0.0004049537931
15-Jan-2022,0.0004195817597
16-Jan-2022,0.0004446200248
17-Jan-2022,0.0004899680679
18-Jan-2022,0.0005039946363
19-Jan-2022,0.0004885394081
20-Jan-2022,0.0004752204564
21-Jan-2022,0.0004430007479
22-Jan-2022,0.0003980640009
23-Jan-2022,0.0003656483943
24-Jan-2022,0.0003369612834
25-Jan-2022,0.0003174558571
26-Jan-2022,0.0003260150965
27-Jan-2022,0.0003077825758
28-Jan-2022,0.0003068154053
29-Jan-2022,0.0003263699897
30-Jan-2022,0.0003443716253
31-Jan-2022,0.0003372311841
01-Feb-2022,0.0003657513157
02-Feb-2022,0.0004069509817
03-Feb-2022,0.0004213547662
04-Feb-2022,0.0004815967551
05-Feb-2022,0.0005386926594
06-Feb-2022,0.0004803531306
07-Feb-2022,0.0004731369254
08-Feb-2022,0.0004857218082
09-Feb-2022,0.0004773137457
10-Feb-2022,0.0004995274758
11-Feb-2022,0.0005249843687
12-Feb-2022,0.0004983384732
13-Feb-2022,0.0004589343578
14-Feb-2022,0.0004616395216
15-Feb-2022,0.0004643723771
16-Feb-2022,0.0004643723771
17-Feb-2022,0.0004146785216
18-Feb-2022,0.0003895417829
19-Feb-2022,0.0003885443757
20-Feb-2022,0.0004032958126
21-Feb-2022,0.0003908659175
22-Feb-2022,0.0003556057892
23-Feb-2022,0.000376252901
24-Feb-2022,0.0003533612434
25-Feb-2022,0.0003530041357
26-Feb-2022,0.0004045240093
27-Feb-2022,0.0004419157902
28-Feb-2022,0.0003991138302
01-Mar-2022,0.0003925418659
02-Mar-2022,0.0004125016333
03-Mar-2022,0.0004716306798
04-Mar-2022,0.0004868383255
05-Mar-2022,0.0004868462303
06-Mar-2022,0.000459505301
07-Mar-2022,0.0005067586939
08-Mar-2022,0.0005100151166
09-Mar-2022,0.0005293604004
10-Mar-2022,0.000612947775
11-Mar-2022,0.0006048687077
12-Mar-2022,0.0005717940209
13-Mar-2022,0.0005647538935
14-Mar-2022,0.0005482291475
15-Mar-2022,0.0005203330295
16-Mar-2022,0.0004731272299
17-Mar-2022,0.0004177088172
18-Mar-2022,0.0003634539128
19-Mar-2022,0.0003725499749
20-Mar-2022,0.0003704038697
21-Mar-2022,0.000326312816
22-Mar-2022,0.0002829645109
23-Mar-2022,0.0002879158489
24-Mar-2022,0.0003138163614
25-Mar-2022,0.0004046167741
26-Mar-2022,0.0004162724833
27-Mar-2022,0.0004357139043
28-Mar-2022,0.0004543803956
29-Mar-2022,0.0004804221727
30-Mar-2022,0.0005535515842
31-Mar-2022,0.0005535515842
01-Apr-2022,0.0006309016937
02-Apr-2022,0.000643012363
03-Apr-2022,0.0006012515347
04-Apr-2022,0.0005842790587
05-Apr-2022,0.0005978922303
06-Apr-2022,0.0006188668917
07-Apr-2022,0.0006362932208
08-Apr-2022,0.0006208883941
09-Apr-2022,0.0006033173406
10-Apr-2022,0.0005767568359
11-Apr-2022,0.0005436139457
12-Apr-2022,0.0004941366734
13-Apr-2022,0.0004538053432
14-Apr-2022,0.0004084204356
15-Apr-2022,0.0003890255313
16-Apr-2022,0.0003806762182
17-Apr-2022,0.000422537046
18-Apr-2022,0.0006913115664
19-Apr-2022,0.0005050485494
20-Apr-2022,0.0005674773833
21-Apr-2022,0.0006222550581
22-Apr-2022,0.0006484277418
23-Apr-2022,0.0006701241617
24-Apr-2022,0.0007084484012
25-Apr-2022,0.0007364362037
26-Apr-2022,0.0007572774158
27-Apr-2022,0.0007572774158
28-Apr-2022,0.0006942612447
29-Apr-2022,0.0006216577225
30-Apr-2022,0.0005762224383
01-May-2022,0.0005662952787
02-May-2022,0.0005552589444
03-May-2022,0.0005272516853
04-May-2022,0.0005423088341
05-May-2022,0.0005853226017
06-May-2022,0.000561691151
07-May-2022,0.0005602624061
08-May-2022,0.0005418673365
09-May-2022,0.0005059814952
10-May-2022,0.0004534544229
11-May-2022,0.0004617075926
12-May-2022,0.0005374916883
13-May-2022,0.0006077980148
14-May-2022,0.0007012659417
15-May-2022,0.0007271288399
16-May-2022,0.0007423845726
17-May-2022,0.0007738845504
18-May-2022,0.0008647811638
19-May-2022,0.0008806433555
20-May-2022,0.0008759405697
21-May-2022,0.0009281877062
22-May-2022,0.0009128526405
23-May-2022,0.0009299423329
24-May-2022,0.0009532063502
25-May-2022,0.0008467541804
26-May-2022,0.0006878962387
27-May-2022,0.0005757340513
28-May-2022,0.0005330589807
29-May-2022,0.00046777487
30-May-2022,0.0004668154892
31-May-2022,0.0004576241642
01-Jun-2022,0.0004558351195
02-Jun-2022,0.0004678313283
03-Jun-2022,0.0004740873899
04-Jun-2022,0.0004670118898
05-Jun-2022,0.0004763500998
06-Jun-2022,0.0004646006357
07-Jun-2022,0.0004845017152
08-Jun-2022,0.0005770361392
09-Jun-2022,0.0006927504737
10-Jun-2022,0.0007203550066
11-Jun-2022,0.0007813291377
12-Jun-2022,0.0008293958353
13-Jun-2022,0.0008285439679
14-Jun-2022,0.0009254726712
15-Jun-2022,0.0009825638784
16-Jun-2022,0.0009929386564
17-Jun-2022,0.0009723418377
18-Jun-2022,0.0009655515331
19-Jun-2022,0.000958195789
20-Jun-2022,0.0008921242275
21-Jun-2022,0.000768619038
22-Jun-2022,0.000768619038
23-Jun-2022,0.000768619038
24-Jun-2022,0.0005426801064
25-Jun-2022,0.0004630021118
26-Jun-2022,0.0004101394348
27-Jun-2022,0.0004749551072
28-Jun-2022,0.0004279869015
29-Jun-2022,0.0003812706248
30-Jun-2022,0.0003851394622
01-Jul-2022,0.000414849487
02-Jul-2022,0.0004602601164
03-Jul-2022,0.0004600811366
04-Jul-2022,0.00052768366
05-Jul-2022,0.0006400720774
06-Jul-2022,0.0007133260597
07-Jul-2022,0.0006688825913
08-Jul-2022,0.0006837699967
09-Jul-2022,0.0008169529452
10-Jul-2022,0.000911050754
11-Jul-2022,0.0009513725329
12-Jul-2022,0.0009831502201
13-Jul-2022,0.001000687754
14-Jul-2022,0.000942485097
15-Jul-2022,0.0008554914818
16-Jul-2022,0.0008547132561
17-Jul-2022,0.0008251414533
18-Jul-2022,0.00076272846
19-Jul-2022,0.0006967571088
20-Jul-2022,0.0006346910538
21-Jul-2022,0.0005663094142
22-Jul-2022,0.0004967154708
23-Jul-2022,0.0004337175062
24-Jul-2022,0.0004165909837
25-Jul-2022,0.0003999000389
26-Jul-2022,0.0003764082452
27-Jul-2022,0.0003643492444
28-Jul-2022,0.0003726116816
29-Jul-2022,0.0003885275729
30-Jul-2022,0.0003683407271
31-Jul-2022,0.0004490363246
01-Aug-2022,0.0004919484382
02-Aug-2022,0.0005415085521
03-Aug-2022,0.0005483946179
04-Aug-2022,0.0006243669748
05-Aug-2022,0.0006933087123
06-Aug-2022,0.0007488125743
07-Aug-2022,0.0007501440363
08-Aug-2022,0.0007024746758
09-Aug-2022,0.0007100725761
10-Aug-2022,0.0006976310595
11-Aug-2022,0.0006617247147
12-Aug-2022,0.0006660364577
13-Aug-2022,0.0006906302145
14-Aug-2022,0.0006713295057
15-Aug-2022,0.0006011549063
16-Aug-2022,0.0005630908336
17-Aug-2022,0.0005247439699
18-Aug-2022,0.0004985516359
19-Aug-2022,0.0004464781088
20-Aug-2022,0.0004170315472
21-Aug-2022,0.0003969698564
22-Aug-2022,0.0004098453694
23-Aug-2022,0.0003838394138
24-Aug-2022,0.000373922593
25-Aug-2022,0.0003564102508
26-Aug-2022,0.0003566522187
27-Aug-2022,0.0003566522187
28-Aug-2022,0.0004163986621
29-Aug-2022,0.000469883838
30-Aug-2022,0.000464186766
31-Aug-2022,0.0005208376978
01-Sep-2022,0.000532407343
02-Sep-2022,0.0005831284069
03-Sep-2022,0.0006443182603
04-Sep-2022,0.0006407776953
05-Sep-2022,0.0006540623575
06-Sep-2022,0.0006674379631
07-Sep-2022,0.0006597296556
08-Sep-2022,0.0006563334233
09-Sep-2022,0.0006447653486
10-Sep-2022,0.0006308923679
11-Sep-2022,0.0006286262016
12-Sep-2022,0.0006066763498
13-Sep-2022,0.0005732848818
14-Sep-2022,0.0005485319911
15-Sep-2022,0.0005296907119
16-Sep-2022,0.0004960359519
17-Sep-2022,0.000459953923
18-Sep-2022,0.0004292563838
19-Sep-2022,0.0004211765688
20-Sep-2022,0.0004298477981
21-Sep-2022,0.0004152026297
22-Sep-2022,0.0004014985218
23-Sep-2022,0.0004115828651
24-Sep-2022,0.0004612865586
25-Sep-2022,0.0004516182926
26-Sep-2022,0.0004605945092
27-Sep-2022,0.0005000310866
28-Sep-2022,0.0005170441312
29-Sep-2022,0.0006287213996
30-Sep-2022,0.0006617082112
01-Oct-2022,0.000734139591
02-Oct-2022,0.000789756653
03-Oct-2022,0.0008264850545
04-Oct-2022,0.0008796784602
05-Oct-2022,0.0008683777763
06-Oct-2022,0.0008370167047
07-Oct-2022,0.0008849974708
08-Oct-2022,0.0008589721113
09-Oct-2022,0.000835352938
10-Oct-2022,0.0007591938902
11-Oct-2022,0.0006988908
12-Oct-2022,0.0006696779705
13-Oct-2022,0.0006128363538
14-Oct-2022,0.0005407964159
15-Oct-2022,0.0004866355977
16-Oct-2022,0.0004424195853
17-Oct-2022,0.0004168871325
18-Oct-2022,0.0003898214296
19-Oct-2022,0.0004420314978
20-Oct-2022,0.0004469274667
21-Oct-2022,0.0004562967906
22-Oct-2022,0.000418238925
23-Oct-2022,0.0004431626403
24-Oct-2022,0.0004905726551
25-Oct-2022,0.0005469246736
26-Oct-2022,0.0005769171246
27-Oct-2022,0.0006159143535
28-Oct-2022,0.000678531825
29-Oct-2022,0.0007441888002
30-Oct-2022,0.0007468772288
31-Oct-2022,0.0007952812876
01-Nov-2022,0.0007741983673
02-Nov-2022,0.0007601535768
03-Nov-2022,0.0007534608614
04-Nov-2022,0.0007864222223
05-Nov-2022,0.0008067499234
06-Nov-2022,0.000823319026
07-Nov-2022,0.0008044817918
08-Nov-2022,0.0007810141647
09-Nov-2022,0.0007537877792
10-Nov-2022,0.0006912090626
11-Nov-2022,0.0006447394218
12-Nov-2022,0.0006070480755
13-Nov-2022,0.0005534681841
14-Nov-2022,0.0005383987828
15-Nov-2022,0.0005592369531
16-Nov-2022,0.0005245572741
17-Nov-2022,0.0004871588306
18-Nov-2022,0.0004808287092
19-Nov-2022,0.0004950345075
20-Nov-2022,0.0005623196685
21-Nov-2022,0.0005974949786
22-Nov-2022,0.0006022900873
23-Nov-2022,0.0005960564211
24-Nov-2022,0.0006771882989
25-Nov-2022,0.0006630587299
26-Nov-2022,0.0006787320975
27-Nov-2022,0.0006787320975
28-Nov-2022,0.0007369934882
29-Nov-2022,0.0007014245637
30-Nov-2022,0.0006829571497
01-Dec-2022,0.0007157843333
02-Dec-2022,0.0007828896969
03-Dec-2022,0.000774587415
04-Dec-2022,0.000782594506
05-Dec-2022,0.0008061101156
06-Dec-2022,0.0008632321315
07-Dec-2022,0.0008752748608
08-Dec-2022,0.0008713902221
09-Dec-2022,0.0008151769583
10-Dec-2022,0.0008084906169
11-Dec-2022,0.0007867984238
12-Dec-2022,0.0007907842892
13-Dec-2022,0.0007942303419
14-Dec-2022,0.0007047621868
15-Dec-2022,0.0006716208401
16-Dec-2022,0.0006496616293
17-Dec-2022,0.000654474164
18-Dec-2022,0.0006706475022
19-Dec-2022,0.0008371859142
20-Dec-2022,0.0007652486979
21-Dec-2022,0.000740551187
22-Dec-2022,0.0006960988141
23-Dec-2022,0.0006570482418
24-Dec-2022,0.0006858953928
25-Dec-2022,0.0006824048966
26-Dec-2022,0.0006647332948
27-Dec-2022,0.0006782149144
28-Dec-2022,0.0007880513555
29-Dec-2022,0.0008132299049
30-Dec-2022,0.0007566929376
31-Dec-2022,0.0008122497828
01-Jan-2023,0.0008533777894
02-Jan-2023,0.000912934142
03-Jan-2023,0.0009756214437
04-Jan-2023,0.0009807034033
05-Jan-2023,0.0009549094034
06-Jan-2023,0.0009571081775
07-Jan-2023,0.0009934282432
08-Jan-2023,0.0009973117778
09-Jan-2023,0.001015796366
10-Jan-2023,0.001024776939
11-Jan-2023,0.000991859237
12-Jan-2023,0.0009776036817
13-Jan-2023,0.000982516758
14-Jan-2023,0.001009605914
15-Jan-2023,0.001049832598
16-Jan-2023,0.000997647281
17-Jan-2023,0.0009170864931
18-Jan-2023,0.0009233558283
19-Jan-2023,0.0008741056042
20-Jan-2023,0.0008365645176
21-Jan-2023,0.0007757473032
22-Jan-2023,0.0007324033563
23-Jan-2023,0.000756289772
24-Jan-2023,0.0008132588665
25-Jan-2023,0.0007899280545
26-Jan-2023,0.0007702493008
27-Jan-2023,0.0007472873808
28-Jan-2023,0.000755143039
29-Jan-2023,0.0007594987266
30-Jan-2023,0.0008544623303
31-Jan-2023,0.0009264998865
01-Feb-2023,0.0009303918867
02-Feb-2023,0.0009028916913
03-Feb-2023,0.0009064910785
04-Feb-2023,0.0009537462739
05-Feb-2023,0.000995060712
06-Feb-2023,0.0009898048141
07-Feb-2023,0.001008555982
08-Feb-2023,0.001084293501
09-Feb-2023,0.001162805506
10-Feb-2023,0.001177375689
11-Feb-2023,0.001159467532
12-Feb-2023,0.001091007774
13-Feb-2023,0.00102715032
14-Feb-2023,0.00094308235
15-Feb-2023,0.0009048768819
16-Feb-2023,0.0008525099027
17-Feb-2023,0.0008410485253
18-Feb-2023,0.0008385874936
19-Feb-2023,0.0008274795667
20-Feb-2023,0.0008738466922
21-Feb-2023,0.0007987136976
22-Feb-2023,0.0007413245105
23-Feb-2023,0.0007222413001
24-Feb-2023,0.000636387656
25-Feb-2023,0.0006289976376
26-Feb-2023,0.0006704150521
27-Feb-2023,0.0007382876656
28-Feb-2023,0.0008331611304
01-Mar-2023,0.0009068738366
02-Mar-2023,0.00095674276
03-Mar-2023,0.001077274495
04-Mar-2023,0.001014633574
05-Mar-2023,0.001027064347
06-Mar-2023,0.001078477692
07-Mar-2023,0.001173925629
08-Mar-2023,0.001220779867
09-Mar-2023,0.001235155463
10-Mar-2023,0.001254781755
11-Mar-2023,0.001176222288
12-Mar-2023,0.001134909096
13-Mar-2023,0.001088737642
14-Mar-2023,0.001006671981
15-Mar-2023,0.0009136625767
16-Mar-2023,0.0008713427599
17-Mar-2023,0.0008170620246
18-Mar-2023,0.0008366091512
19-Mar-2023,0.0008637115242
20-Mar-2023,0.0008157535084
21-Mar-2023,0.0007306134029
22-Mar-2023,0.0006754442965
23-Mar-2023,0.0006361384393
24-Mar-2023,0.0006098960201
25-Mar-2023,0.0006602576551
26-Mar-2023,0.0007008294933
27-Mar-2023,0.0007684824968
28-Mar-2023,0.0008759345084
29-Mar-2023,0.0009290068352
30-Mar-2023,0.0009439437541
31-Mar-2023,0.0009330653041
01-Apr-2023,0.0009218400789
02-Apr-2023,0.000923563128
03-Apr-2023,0.0009332488637
04-Apr-2023,0.000955626099
05-Apr-2023,0.0009908075491
06-Apr-2023,0.001061061015
07-Apr-2023,0.0009941418503
08-Apr-2023,0.0009494348389
09-Apr-2023,0.0009534425328
10-Apr-2023,0.0009092694789
11-Apr-2023,0.0008818823073
12-Apr-2023,0.0008755362455
13-Apr-2023,0.0008816487
14-Apr-2023,0.000954554416
15-Apr-2023,0.0009209864545
16-Apr-2023,0.0008592806951
17-Apr-2023,0.0008371600421
18-Apr-2023,0.0007979888975
19-Apr-2023,0.0007482887686
20-Apr-2023,0.0007221169231
21-Apr-2023,0.0007269393739
22-Apr-2023,0.0007431749459
23-Apr-2023,0.0007405282568
24-Apr-2023,0.0007354588742
25-Apr-2023,0.0007183522071
26-Apr-2023,0.000672275236
27-Apr-2023,0.000690406942
28-Apr-2023,0.0007213715404
29-Apr-2023,0.000748133457
30-Apr-2023,0.0007694839801
01-May-2023,0.001766765324
02-May-2023,0.0009373862905
03-May-2023,0.0008965635836
04-May-2023,0.0008805817752
05-May-2023,0.0008503692964
06-May-2023,0.0008540569822
07-May-2023,0.0008746556676
08-May-2023,0.0009125293305
09-May-2023,0.0009578885401
10-May-2023,0.0009563939598
11-May-2023,0.0009661803304
12-May-2023,0.0009191252241
13-May-2023,0.0008435070725
14-May-2023,0.0008060565566
15-May-2023,0.0007663096546
16-May-2023,0.0007486301733
17-May-2023,0.000789730014
18-May-2023,0.0008000007053
19-May-2023,0.0009129368806
20-May-2023,0.0008738525219
21-May-2023,0.0009107958087
22-May-2023,0.0009169530157
23-May-2023,0.0008935409426
24-May-2023,0.00088008795
25-May-2023,0.0008517531731
26-May-2023,0.0009149366211
27-May-2023,0.0009517820199
28-May-2023,0.0009589697537
29-May-2023,0.0008909144821
30-May-2023,0.0007929929084
31-May-2023,0.0007706324318
01-Jun-2023,0.0007692025066
02-Jun-2023,0.0008113836832
03-Jun-2023,0.0008631776819
04-Jun-2023,0.0009472133632
05-Jun-2023,0.001005226072
06-Jun-2023,0.0009886505687
07-Jun-2023,0.001003949053
08-Jun-2023,0.0009948734447
09-Jun-2023,0.0009228272611
10-Jun-2023,0.0008890005881
11-Jun-2023,0.0008218494791
12-Jun-2023,0.0008817125686
13-Jun-2023,0.0009293496404
14-Jun-2023,0.0009754021094
15-Jun-2023,0.0009862567207
16-Jun-2023,0.0008627200387
17-Jun-2023,0.0008556977515
18-Jun-2023,0.0008902797002
19-Jun-2023,0.0009130684852
20-Jun-2023,0.0009108821558
21-Jun-2023,0.0009097570471
22-Jun-2023,0.0009489137976
23-Jun-2023,0.0009647832351
24-Jun-2023,0.001056551497
25-Jun-2023,0.0009937902492
26-Jun-2023,0.0009353866001
27-Jun-2023,0.0008653421741
28-Jun-2023,0.0008475936421
29-Jun-2023,0.0008810103517
30-Jun-2023,0.0009122089051
01-Jul-2023,0.0009938350737
02-Jul-2023,0.0009460677413
03-Jul-2023,0.001007540776
04-Jul-2023,0.0009562157978
05-Jul-2023,0.0008850040227
06-Jul-2023,0.0008321730145
07-Jul-2023,0.000820823853
08-Jul-2023,0.0008509051975
09-Jul-2023,0.0009092409019
10-Jul-2023,0.001011691949
11-Jul-2023,0.001108484617
12-Jul-2023,0.001010912141
13-Jul-2023,0.001022021751
14-Jul-2023,0.001054379283
15-Jul-2023,0.001065027008
16-Jul-2023,0.001157153004
17-Jul-2023,0.001195233829
18-Jul-2023,0.001230303417
19-Jul-2023,0.001259701607
20-Jul-2023,0.001261021044
21-Jul-2023,0.001130562077
22-Jul-2023,0.001122337378
23-Jul-2023,0.001059738707
24-Jul-2023,0.0009299849026
25-Jul-2023,0.0009114433842
26-Jul-2023,0.0009189590558
27-Jul-2023,0.0009223685449
28-Jul-2023,0.000967700487
29-Jul-2023,0.0009093118175
30-Jul-2023,0.0009282313074
31-Jul-2023,0.0009054820795
01-Aug-2023,0.0008701589654
02-Aug-2023,0.0008813487917
03-Aug-2023,0.00086574097
04-Aug-2023,0.000829743627
05-Aug-2023,0.0008831545972
06-Aug-2023,0.0009316897748
07-Aug-2023,0.0009751621064
08-Aug-2023,0.001012437877
09-Aug-2023,0.001011939925
10-Aug-2023,0.001010113371
11-Aug-2023,0.001050847456
12-Aug-2023,0.001030385629
13-Aug-2023,0.001082339533
14-Aug-2023,0.001131904383
15-Aug-2023,0.001114110124
16-Aug-2023,0.001149272786
17-Aug-2023,0.001052065041
18-Aug-2023,0.001047913261
19-Aug-2023,0.0009655031495
20-Aug-2023,0.000938103335
21-Aug-2023,0.0008838122442
22-Aug-2023,0.000892837755
23-Aug-2023,0.0009003269297
24-Aug-2023,0.0009089129343
25-Aug-2023,0.0009243377604
26-Aug-2023,0.0009690029713
27-Aug-2023,0.0009254922952
28-Aug-2023,0.0008673508786
29-Aug-2023,0.000858123995
30-Aug-2023,0.0008998701444
31-Aug-2023,0.0009018842509
01-Sep-2023,0.0008878278104
02-Sep-2023,0.0008997533966
03-Sep-2023,0.0008917060301
04-Sep-2023,0.0009104080939
05-Sep-2023,0.0009313391153
06-Sep-2023,0.0009490230992
07-Sep-2023,0.001002156174
08-Sep-2023,0.001004067772
09-Sep-2023,0.001066548814
10-Sep-2023,0.001161605164
11-Sep-2023,0.001156593426
12-Sep-2023,0.001064554267
13-Sep-2023,0.001064554267
14-Sep-2023,0.001064554267
15-Sep-2023,0.001057391703
16-Sep-2023,0.0009935000328
17-Sep-2023,0.0009193352674
18-Sep-2023,0.0009272880167
19-Sep-2023,0.0009397901405
20-Sep-2023,0.0009370359996
21-Sep-2023,0.0008531504865
22-Sep-2023,0.0008296132362
23-Sep-2023,0.0008427750896
24-Sep-2023,0.0008634116104
25-Sep-2023,0.0008840813113
26-Sep-2023,0.0009139066428
27-Sep-2023,0.0009122027098
28-Sep-2023,0.0009270404556
29-Sep-2023,0.00100371581
30-Sep-2023,0.001055415342
01-Oct-2023,0.001055415342
02-Oct-2023,0.000995108726
03-Oct-2023,0.0009778610597
04-Oct-2023,0.0009591268413
05-Oct-2023,0.0009756215564
06-Oct-2023,0.001006446915
07-Oct-2023,0.001002031365
08-Oct-2023,0.001011070254
09-Oct-2023,0.001013198511
10-Oct-2023,0.0009917280588
11-Oct-2023,0.0009198825761
12-Oct-2023,0.0009054011305
13-Oct-2023,0.0009475114916
14-Oct-2023,0.0009131715697
15-Oct-2023,0.0009410058449
16-Oct-2023,0.0008646315394
17-Oct-2023,0.0008744649875
18-Oct-2023,0.0008732593236
19-Oct-2023,0.000854177411
20-Oct-2023,0.0008456201281
21-Oct-2023,0.0008529390852
22-Oct-2023,0.0008547562853
23-Oct-2023,0.0008599912538
24-Oct-2023,0.0009108222388
25-Oct-2023,0.0009367053298
26-Oct-2023,0.0009651551167
27-Oct-2023,0.0009842363604
28-Oct-2023,0.0009487555237
29-Oct-2023,0.0009018259011
30-Oct-2023,0.0008502905131
31-Oct-2023,0.0008409650521
01-Nov-2023,0.0008558118757
02-Nov-2023,0.0008485274446
03-Nov-2023,0.0009078986817
04-Nov-2023,0.0009251863502
05-Nov-2023,0.0009198981632
06-Nov-2023,0.0009163832928
07-Nov-2023,0.0008499263846
08-Nov-2023,0.000812332557
09-Nov-2023,0.0007991671977
10-Nov-2023,0.0007944914032
11-Nov-2023,0.0007734274306
12-Nov-2023,0.0007850981016
13-Nov-2023,0.0007944113358
14-Nov-2023,0.0007617208507
15-Nov-2023,0.0007399282908
16-Nov-2023,0.0007111655004
17-Nov-2023,0.000704985229
18-Nov-2023,0.0007541738805
19-Nov-2023,0.0007772338341
20-Nov-2023,0.0009434784762
21-Nov-2023,0.001073620642
22-Nov-2023,0.00110726814
23-Nov-2023,0.00114537606
24-Nov-2023,0.001167465234
25-Nov-2023,0.001104053558
26-Nov-2023,0.001065844065
27-Nov-2023,0.001048210765
28-Nov-2023,0.001045676255
29-Nov-2023,0.001047276141
30-Nov-2023,0.001050227972
01-Dec-2023,0.001002794518
02-Dec-2023,0.0009573194425
03-Dec-2023,0.0008869652567
04-Dec-2023,0.0008288101799
05-Dec-2023,0.0007514253393
06-Dec-2023,0.0007259185829
07-Dec-2023,0.0006919284019
08-Dec-2023,0.000660480818
09-Dec-2023,0.0006561299902
10-Dec-2023,0.000714494236
11-Dec-2023,0.0006296194178
12-Dec-2023,0.0005974319418
13-Dec-2023,0.0006129935167
14-Dec-2023,0.0006952504024
15-Dec-2023,0.0008005520159
16-Dec-2023,0.0008814352124
17-Dec-2023,0.0009266184514
18-Dec-2023,0.0009151465946
19-Dec-2023,0.0008731313706
20-Dec-2023,0.0009229298504
21-Dec-2023,0.0009652605117
22-Dec-2023,0.001014408892
23-Dec-2023,0.001042010103
24-Dec-2023,0.00104272333
25-Dec-2023,0.001070852886
26-Dec-2023,0.001117736836
27-Dec-2023,0.001095056294
28-Dec-2023,0.001031429879
29-Dec-2023,0.0009596530967
30-Dec-2023,0.0009279910372
31-Dec-2023,0.0009126109547
01-Jan-2024,0.0008446527226
02-Jan-2024,0.0007180108521
03-Jan-2024,0.0006645410693
04-Jan-2024,0.0006558250731
05-Jan-2024,0.0006413253909
06-Jan-2024,0.0006575771043
07-Jan-2024,0.0006501613592
08-Jan-2024,0.0006936582256
09-Jan-2024,0.0007051487112
10-Jan-2024,0.000744930233
11-Jan-2024,0.0008125868789
12-Jan-2024,0.0009002202664
13-Jan-2024,0.0009510145085
14-Jan-2024,0.0009723080329
15-Jan-2024,0.0009822864522
16-Jan-2024,0.001030147697
17-Jan-2024,0.001018565238
18-Jan-2024,0.0009832557057
19-Jan-2024,0.0009540639904
20-Jan-2024,0.0009679240954
21-Jan-2024,0.0009836638117
22-Jan-2024,0.000993319027
23-Jan-2024,0.0009887400678
24-Jan-2024,0.0009934486646
25-Jan-2024,0.0009368589051
26-Jan-2024,0.000883571786
27-Jan-2024,0.0009006960419
28-Jan-2024,0.0008955007533
29-Jan-2024,0.0008258383732
30-Jan-2024,0.000751529731
31-Jan-2024,0.0007415042296
01-Feb-2024,0.0007953533147
02-Feb-2024,0.0008196970743
03-Feb-2024,0.0007656220375
04-Feb-2024,0.0007374716938
05-Feb-2024,0.0007690093716
06-Feb-2024,0.0008062917567
07-Feb-2024,0.0008402544083
08-Feb-2024,0.0008924932581
09-Feb-2024,0.0008903972105
10-Feb-2024,0.0008635793134
11-Feb-2024,0.0009088600927
12-Feb-2024,0.00095516505
13-Feb-2024,0.00102681178
14-Feb-2024,0.001037510776
15-Feb-2024,0.000988589666
16-Feb-2024,0.0009916179645
17-Feb-2024,0.0009293389196
18-Feb-2024,0.0009069873505
19-Feb-2024,0.0008472793606
20-Feb-2024,0.0008527441317
21-Feb-2024,0.0008743686734
22-Feb-2024,0.0008861804464
23-Feb-2024,0.0009346268954
24-Feb-2024,0.0009763109632
25-Feb-2024,0.0009383151902
26-Feb-2024,0.0009025746713
27-Feb-2024,0.0009020062936
28-Feb-2024,0.0009255771148
29-Feb-2024,0.0009468522724
01-Mar-2024,0.0009536281458
02-Mar-2024,0.0009311709314
03-Mar-2024,0.0009304840499
04-Mar-2024,0.0009043418278
05-Mar-2024,0.0009118711922
06-Mar-2024,0.0009009050011
07-Mar-2024,0.0008524080298
08-Mar-2024,0.0008622173214
09-Mar-2024,0.0008758756174
10-Mar-2024,0.0009015035877
11-Mar-2024,0.0009554059644
12-Mar-2024,0.0009274376426
13-Mar-2024,0.0009014482926
14-Mar-2024,0.0008439801564
15-Mar-2024,0.000845637129
16-Mar-2024,0.000844455001
17-Mar-2024,0.0007822504954
18-Mar-2024,0.0007346424789
19-Mar-2024,0.0007970191563
20-Mar-2024,0.0009151624683
21-Mar-2024,0.0009998833351
22-Mar-2024,0.001018451313
23-Mar-2024,0.00090618372
24-Mar-2024,0.0009055955968
25-Mar-2024,0.0009685342588
26-Mar-2024,0.001018140346
27-Mar-2024,0.001051223168
28-Mar-2024,0.00112658935
29-Mar-2024,0.001042753249
30-Mar-2024,0.0009589742193
31-Mar-2024,0.0009227782561
01-Apr-2024,0.0009053411636
02-Apr-2024,0.0007963795854
03-Apr-2024,0.0008354763334
04-Apr-2024,0.0008421908955
05-Apr-2024,0.0008361292569
06-Apr-2024,0.0008246504059
07-Apr-2024,0.0008594025057
08-Apr-2024,0.000841462706
09-Apr-2024,0.0008577729538
10-Apr-2024,0.0008202325289
11-Apr-2024,0.0008332801534
12-Apr-2024,0.0009711714949
13-Apr-2024,0.0009771425752
14-Apr-2024,0.0009834343008
15-Apr-2024,0.0009425598069
16-Apr-2024,0.001048379381
17-Apr-2024,0.001079068189
18-Apr-2024,0.001061892025
19-Apr-2024,0.001001789043
20-Apr-2024,0.001003923449